{
    "epoch": 70,
    "test_auprc_thresholds": [
        0.14645138382911682,
        0.15501292049884796,
        0.15762574970722198,
        0.1699405312538147,
        0.18110869824886322,
        0.18311165273189545,
        0.1868138611316681,
        0.19285869598388672,
        0.19718152284622192,
        0.19770194590091705,
        0.20434345304965973,
        0.2072322517633438,
        0.23340961337089539,
        0.23686842620372772,
        0.2418520152568817,
        0.2811553180217743,
        0.2964956760406494,
        0.3021789491176605,
        0.34670549631118774,
        0.3495867848396301,
        0.36096060276031494,
        0.41780993342399597,
        0.44637995958328247,
        0.4964148998260498,
        0.5162389278411865,
        0.632781982421875,
        0.6684730648994446,
        0.6777750849723816,
        0.6851354241371155,
        0.705636203289032,
        0.7169080972671509,
        0.7476109266281128,
        0.7521727681159973,
        0.7642267346382141,
        0.7682885527610779,
        0.7725961804389954,
        0.7792753577232361,
        0.7863136529922485,
        0.7943921685218811,
        0.7985437512397766,
        0.7999024391174316,
        0.8054970502853394,
        0.8123608827590942,
        0.8305577039718628,
        0.8305660486221313,
        0.8311581015586853,
        0.8361570239067078,
        0.844183623790741,
        0.8482966423034668,
        0.8495123386383057,
        0.853042721748352,
        0.8563529253005981,
        0.8606194257736206,
        0.868232250213623,
        0.870538592338562,
        0.8949053287506104,
        0.8985774517059326,
        0.9108871817588806
    ],
    "test_auroc_thresholds": [
        1.9108872413635254,
        0.9108871817588806,
        0.8985774517059326,
        0.870538592338562,
        0.868232250213623,
        0.8606194257736206,
        0.8495123386383057,
        0.8482966423034668,
        0.844183623790741,
        0.8305660486221313,
        0.7999024391174316,
        0.7985437512397766,
        0.7943921685218811,
        0.7863136529922485,
        0.7682885527610779,
        0.7521727681159973,
        0.705636203289032,
        0.6777750849723816,
        0.632781982421875,
        0.5162389278411865,
        0.4964148998260498,
        0.44637995958328247,
        0.2964956760406494,
        0.2811553180217743,
        0.15501292049884796,
        0.14645138382911682,
        0.0035898310597985983
    ],
    "test_fpr": [
        0.0,
        0.0,
        0.006944444444444444,
        0.006944444444444444,
        0.013888888888888888,
        0.013888888888888888,
        0.034722222222222224,
        0.034722222222222224,
        0.041666666666666664,
        0.041666666666666664,
        0.06944444444444445,
        0.06944444444444445,
        0.0763888888888889,
        0.0763888888888889,
        0.09722222222222222,
        0.09722222222222222,
        0.11805555555555555,
        0.11805555555555555,
        0.13194444444444445,
        0.13194444444444445,
        0.1388888888888889,
        0.1388888888888889,
        0.18055555555555555,
        0.18055555555555555,
        0.2777777777777778,
        0.2777777777777778,
        1.0
    ],
    "test_precision": [
        0.3103448275862069,
        0.2982456140350877,
        0.30357142857142855,
        0.3090909090909091,
        0.3148148148148148,
        0.32075471698113206,
        0.3269230769230769,
        0.3333333333333333,
        0.34,
        0.3469387755102041,
        0.3541666666666667,
        0.3617021276595745,
        0.3695652173913043,
        0.37777777777777777,
        0.38636363636363635,
        0.3953488372093023,
        0.38095238095238093,
        0.3902439024390244,
        0.4,
        0.41025641025641024,
        0.42105263157894735,
        0.43243243243243246,
        0.4444444444444444,
        0.42857142857142855,
        0.4411764705882353,
        0.42424242424242425,
        0.4375,
        0.45161290322580644,
        0.43333333333333335,
        0.41379310344827586,
        0.42857142857142855,
        0.4444444444444444,
        0.46153846153846156,
        0.44,
        0.4166666666666667,
        0.43478260869565216,
        0.45454545454545453,
        0.47619047619047616,
        0.45,
        0.47368421052631576,
        0.4444444444444444,
        0.47058823529411764,
        0.5,
        0.5333333333333333,
        0.5714285714285714,
        0.5384615384615384,
        0.5,
        0.45454545454545453,
        0.5,
        0.4444444444444444,
        0.5,
        0.5714285714285714,
        0.6666666666666666,
        0.6,
        0.75,
        0.6666666666666666,
        0.5,
        1.0,
        1.0
    ],
    "test_recall": [
        1.0,
        0.9444444444444444,
        0.9444444444444444,
        0.9444444444444444,
        0.9444444444444444,
        0.9444444444444444,
        0.9444444444444444,
        0.9444444444444444,
        0.9444444444444444,
        0.9444444444444444,
        0.9444444444444444,
        0.9444444444444444,
        0.9444444444444444,
        0.9444444444444444,
        0.9444444444444444,
        0.9444444444444444,
        0.8888888888888888,
        0.8888888888888888,
        0.8888888888888888,
        0.8888888888888888,
        0.8888888888888888,
        0.8888888888888888,
        0.8888888888888888,
        0.8333333333333334,
        0.8333333333333334,
        0.7777777777777778,
        0.7777777777777778,
        0.7777777777777778,
        0.7222222222222222,
        0.6666666666666666,
        0.6666666666666666,
        0.6666666666666666,
        0.6666666666666666,
        0.6111111111111112,
        0.5555555555555556,
        0.5555555555555556,
        0.5555555555555556,
        0.5555555555555556,
        0.5,
        0.5,
        0.4444444444444444,
        0.4444444444444444,
        0.4444444444444444,
        0.4444444444444444,
        0.4444444444444444,
        0.3888888888888889,
        0.3333333333333333,
        0.2777777777777778,
        0.2777777777777778,
        0.2222222222222222,
        0.2222222222222222,
        0.2222222222222222,
        0.2222222222222222,
        0.16666666666666666,
        0.16666666666666666,
        0.1111111111111111,
        0.05555555555555555,
        0.05555555555555555,
        0.0
    ],
    "test_tpr": [
        0.0,
        0.05555555555555555,
        0.05555555555555555,
        0.16666666666666666,
        0.16666666666666666,
        0.2222222222222222,
        0.2222222222222222,
        0.2777777777777778,
        0.2777777777777778,
        0.4444444444444444,
        0.4444444444444444,
        0.5,
        0.5,
        0.5555555555555556,
        0.5555555555555556,
        0.6666666666666666,
        0.6666666666666666,
        0.7777777777777778,
        0.7777777777777778,
        0.8333333333333334,
        0.8333333333333334,
        0.8888888888888888,
        0.8888888888888888,
        0.9444444444444444,
        0.9444444444444444,
        1.0,
        1.0
    ],