{
    "epoch": 100,
    "train_auprc_thresholds": [
        0.9960930943489075,
        0.9972366094589233,
        0.9977506995201111,
        0.9982336759567261,
        0.9983251690864563,
        0.9984240531921387,
        0.9984446167945862,
        0.998678982257843,
        0.9986912608146667,
        0.9987013339996338,
        0.9987288117408752,
        0.9987347722053528,
        0.9988918900489807,
        0.9988983869552612,
        0.9989462494850159,
        0.9989602565765381,
        0.9989816546440125,
        0.9990161657333374,
        0.9990444779396057,
        0.9990498423576355,
        0.999083399772644,
        0.9990884065628052,
        0.9990935325622559,
        0.9991174340248108,
        0.9991241097450256,
        0.9991347193717957,
        0.9991349577903748,
        0.9991612434387207,
        0.9991699457168579,
        0.9991777539253235,
        0.9991819262504578,
        0.9992091059684753,
        0.9992092847824097,
        0.999221682548523,
        0.9992437362670898,
        0.9992654919624329,
        0.9992761015892029,
        0.9992941617965698,
        0.9992967844009399,
        0.9993129968643188,
        0.9993287324905396,
        0.9993294477462769,
        0.9993422627449036,
        0.9993495345115662,
        0.9993539452552795,
        0.9993581175804138,
        0.9993714690208435,
        0.9993801116943359,
        0.9993926286697388,
        0.9994003772735596,
        0.9994006156921387,
        0.9994045495986938,
        0.999408483505249,
        0.9994094371795654,
        0.9994121789932251,
        0.9994128942489624,
        0.9994184970855713,
        0.9994198083877563,
        0.9994538426399231,
        0.9994581341743469,
        0.9994657635688782,
        0.9994729161262512,
        0.999473512172699,
        0.9994783997535706,
        0.9994788765907288,
        0.9994891881942749,
        0.9994916915893555,
        0.9994970560073853,
        0.9995071887969971,
        0.9995229244232178,
        0.9995317459106445,
        0.999537467956543,
        0.9995655417442322,
        0.9995986819267273,
        0.9996058344841003,
        0.9996384382247925,
        0.9996415376663208,
        0.9996435642242432,
        0.9996488094329834,
        0.9996597766876221,
        0.9996637105941772,
        0.9996728897094727,
        0.9996758699417114,
        0.9996820688247681,
        0.9996925592422485,
        0.9996968507766724,
        0.9997031092643738,
        0.999711811542511,
        0.9997134804725647,
        0.999716579914093,
        0.999717652797699,
        0.9997348189353943,
        0.9997391104698181,
        0.9997478127479553,
        0.9997599720954895,
        0.9997643828392029,
        0.9997684359550476,
        0.9997815489768982,
        0.9997856020927429,
        0.999788224697113,
        0.9998103976249695,
        0.999823272228241,
        0.9998258948326111,
        0.9998272061347961,
        0.9998288154602051,
        0.9998290538787842,
        0.9998315572738647,
        0.9998409748077393,
        0.999845027923584,
        0.9998457431793213,
        0.9998476505279541,
        0.9998490810394287,
        0.9998534917831421,
        0.9998542070388794,
        0.9998561143875122,
        0.9998575448989868,
        0.9998618364334106,
        0.9998703002929688,
        0.9998792409896851,
        0.9998818635940552,
        0.9998874664306641,
        0.99988853931427,
        0.9998893737792969,
        0.9998910427093506,
        0.9998944997787476,
        0.9998953342437744,
        0.9998966455459595,
        0.9998986721038818,
        0.9999030828475952,
        0.9999040365219116,
        0.9999045133590698,
        0.9999055862426758,
        0.9999070167541504,
        0.9999089241027832,
        0.9999097585678101,
        0.9999107122421265,
        0.9999133348464966,
        0.9999164342880249,
        0.9999178647994995,
        0.9999183416366577,
        0.9999210834503174,
        0.9999219179153442,
        0.9999229907989502,
        0.9999263286590576,
        0.9999293088912964,
        0.9999390840530396,
        0.9999425411224365,
        0.9999427795410156,
        0.9999467134475708,
        0.9999473094940186,
        0.9999567270278931,
        0.9999585151672363,
        0.9999600648880005,
        0.9999697208404541
    ],
    "train_auroc_thresholds": [
        1.999969720840454,
        0.9999697208404541,
        0.9999427795410156,
        0.9999425411224365,
        0.9999055862426758,
        0.9999045133590698,
        0.9960930943489075,
        3.257580829085782e-06
    ],
    "train_fpr": [
        0.0,
        0.0,
        0.0,
        0.0,
        0.0,
        0.0,
        0.0,
        1.0
    ],
    "train_precision": [
        1.0,
        1.0,
        1.0,
        1.0,
        1.0,
        1.0,
        1.0,
        1.0,
        1.0,
        1.0,
        1.0,
        1.0,
        1.0,
        1.0,
        1.0,
        1.0,
        1.0,
        1.0,
        1.0,
        1.0,
        1.0,
        1.0,
        1.0,
        1.0,
        1.0,
        1.0,
        1.0,
        1.0,
        1.0,
        1.0,
        1.0,
        1.0,
        1.0,
        1.0,
        1.0,
        1.0,
        1.0,
        1.0,
        1.0,
        1.0,
        1.0,
        1.0,
        1.0,
        1.0,
        1.0,
        1.0,
        1.0,
        1.0,
        1.0,
        1.0,
        1.0,
        1.0,
        1.0,
        1.0,
        1.0,
        1.0,
        1.0,
        1.0,
        1.0,
        1.0,
        1.0,
        1.0,
        1.0,
        1.0,
        1.0,
        1.0,
        1.0,
        1.0,
        1.0,
        1.0,
        1.0,
        1.0,
        1.0,
        1.0,
        1.0,
        1.0,
        1.0,
        1.0,
        1.0,
        1.0,
        1.0,
        1.0,
        1.0,
        1.0,
        1.0,
        1.0,
        1.0,
        1.0,
        1.0,
        1.0,
        1.0,
        1.0,
        1.0,
        1.0,
        1.0,
        1.0,
        1.0,
        1.0,
        1.0,
        1.0,
        1.0,
        1.0,
        1.0,
        1.0,
        1.0,
        1.0,
        1.0,
        1.0,
        1.0,
        1.0,
        1.0,
        1.0,
        1.0,
        1.0,
        1.0,
        1.0,
        1.0,
        1.0,
        1.0,
        1.0,
        1.0,
        1.0,
        1.0,
        1.0,
        1.0,
        1.0,
        1.0,
        1.0,
        1.0,
        1.0,
        1.0,
        1.0,
        1.0,
        1.0,
        1.0,
        1.0,
        1.0,
        1.0,
        1.0,
        1.0,
        1.0,
        1.0,
        1.0,
        1.0,
        1.0,
        1.0,
        1.0,
        1.0,
        1.0,
        1.0,
        1.0,
        1.0,
        1.0,
        1.0,
        1.0
    ],