{
    "epoch": 45,
    "test_auprc_thresholds": [
        0.024313444271683693,
        0.026185831055045128,
        0.027248568832874298,
        0.027665434405207634,
        0.028501566499471664,
        0.03210091218352318,
        0.032651159912347794,
        0.032917264848947525,
        0.0337715782225132,
        0.035781774669885635,
        0.035961706191301346,
        0.037404488772153854,
        0.041332460939884186,
        0.04139694571495056,
        0.044267553836107254,
        0.049866922199726105,
        0.051954735070466995,
        0.07264538109302521,
        0.07375576347112656,
        0.08183898776769638,
        0.082192562520504,
        0.13582266867160797,
        0.13598066568374634,
        0.17203009128570557,
        0.2011559158563614,
        0.22351722419261932,
        0.2611376643180847,
        0.30248311161994934,
        0.31334662437438965,
        0.36387306451797485,
        0.3798941671848297,
        0.4221324026584625,
        0.4475921094417572,
        0.49072378873825073,
        0.4909389913082123,
        0.503210723400116,
        0.5707213282585144,
        0.5920467376708984,
        0.6190547347068787,
        0.6236165761947632,
        0.6919747591018677,
        0.7019801139831543,
        0.7228155732154846,
        0.7247872948646545,
        0.7318029999732971,
        0.7603855133056641,
        0.7678189873695374,
        0.7752782106399536,
        0.8068193197250366,
        0.8259491324424744,
        0.8330510258674622,
        0.8515049815177917,
        0.8749096989631653,
        0.8777152299880981,
        0.9158207774162292,
        0.943966805934906,
        0.9476302862167358,
        0.9635438323020935
    ],
    "test_auroc_thresholds": [
        1.9635438919067383,
        0.9635438323020935,
        0.9476302862167358,
        0.943966805934906,
        0.8777152299880981,
        0.8749096989631653,
        0.8330510258674622,
        0.7752782106399536,
        0.7603855133056641,
        0.7318029999732971,
        0.7247872948646545,
        0.7228155732154846,
        0.6919747591018677,
        0.6236165761947632,
        0.5920467376708984,
        0.5707213282585144,
        0.503210723400116,
        0.4909389913082123,
        0.49072378873825073,
        0.4221324026584625,
        0.3798941671848297,
        0.36387306451797485,
        0.22351722419261932,
        0.2011559158563614,
        0.08183898776769638,
        0.07264538109302521,
        0.026185831055045128,
        0.024313444271683693,
        0.00018800004909280688
    ],
    "test_fpr": [
        0.0,
        0.0,
        0.006944444444444444,
        0.006944444444444444,
        0.020833333333333332,
        0.020833333333333332,
        0.034722222222222224,
        0.034722222222222224,
        0.04861111111111111,
        0.04861111111111111,
        0.05555555555555555,
        0.05555555555555555,
        0.06944444444444445,
        0.06944444444444445,
        0.08333333333333333,
        0.08333333333333333,
        0.09027777777777778,
        0.09027777777777778,
        0.09722222222222222,
        0.09722222222222222,
        0.10416666666666667,
        0.10416666666666667,
        0.13194444444444445,
        0.13194444444444445,
        0.16666666666666666,
        0.16666666666666666,
        0.2777777777777778,
        0.2777777777777778,
        1.0
    ],
    "test_precision": [
        0.3103448275862069,
        0.2982456140350877,
        0.30357142857142855,
        0.3090909090909091,
        0.3148148148148148,
        0.32075471698113206,
        0.3269230769230769,
        0.3333333333333333,
        0.34,
        0.3469387755102041,
        0.3541666666666667,
        0.3617021276595745,
        0.3695652173913043,
        0.37777777777777777,
        0.38636363636363635,
        0.3953488372093023,
        0.40476190476190477,
        0.4146341463414634,
        0.4,
        0.38461538461538464,
        0.39473684210526316,
        0.40540540540540543,
        0.4166666666666667,
        0.42857142857142855,
        0.4411764705882353,
        0.42424242424242425,
        0.4375,
        0.45161290322580644,
        0.4666666666666667,
        0.4827586206896552,
        0.4642857142857143,
        0.48148148148148145,
        0.46153846153846156,
        0.44,
        0.4583333333333333,
        0.43478260869565216,
        0.45454545454545453,
        0.42857142857142855,
        0.45,
        0.47368421052631576,
        0.4444444444444444,
        0.47058823529411764,
        0.5,
        0.4666666666666667,
        0.5,
        0.46153846153846156,
        0.5,
        0.5454545454545454,
        0.5,
        0.4444444444444444,
        0.375,
        0.42857142857142855,
        0.5,
        0.4,
        0.5,
        0.6666666666666666,
        0.5,
        1.0,
        1.0
    ],
    "test_recall": [
        1.0,
        0.9444444444444444,
        0.9444444444444444,
        0.9444444444444444,
        0.9444444444444444,
        0.9444444444444444,
        0.9444444444444444,
        0.9444444444444444,
        0.9444444444444444,
        0.9444444444444444,
        0.9444444444444444,
        0.9444444444444444,
        0.9444444444444444,
        0.9444444444444444,
        0.9444444444444444,
        0.9444444444444444,
        0.9444444444444444,
        0.9444444444444444,
        0.8888888888888888,
        0.8333333333333334,
        0.8333333333333334,
        0.8333333333333334,
        0.8333333333333334,
        0.8333333333333334,
        0.8333333333333334,
        0.7777777777777778,
        0.7777777777777778,
        0.7777777777777778,
        0.7777777777777778,
        0.7777777777777778,
        0.7222222222222222,
        0.7222222222222222,
        0.6666666666666666,
        0.6111111111111112,
        0.6111111111111112,
        0.5555555555555556,
        0.5555555555555556,
        0.5,
        0.5,
        0.5,
        0.4444444444444444,
        0.4444444444444444,
        0.4444444444444444,
        0.3888888888888889,
        0.3888888888888889,
        0.3333333333333333,
        0.3333333333333333,
        0.3333333333333333,
        0.2777777777777778,
        0.2222222222222222,
        0.16666666666666666,
        0.16666666666666666,
        0.16666666666666666,
        0.1111111111111111,
        0.1111111111111111,
        0.1111111111111111,
        0.05555555555555555,
        0.05555555555555555,
        0.0
    ],
    "test_tpr": [
        0.0,
        0.05555555555555555,
        0.05555555555555555,
        0.1111111111111111,
        0.1111111111111111,
        0.16666666666666666,
        0.16666666666666666,
        0.3333333333333333,
        0.3333333333333333,
        0.3888888888888889,
        0.3888888888888889,
        0.4444444444444444,
        0.4444444444444444,
        0.5,
        0.5,
        0.5555555555555556,
        0.5555555555555556,
        0.6111111111111112,
        0.6111111111111112,
        0.7222222222222222,
        0.7222222222222222,
        0.7777777777777778,
        0.7777777777777778,
        0.8333333333333334,
        0.8333333333333334,
        0.9444444444444444,
        0.9444444444444444,
        1.0,
        1.0
    ],