{
    "epoch": 40,
    "test_auprc_thresholds": [
        0.16509446501731873,
        0.16593128442764282,
        0.17012611031532288,
        0.17158161103725433,
        0.18179655075073242,
        0.1858716905117035,
        0.18864135444164276,
        0.19732177257537842,
        0.21147772669792175,
        0.2128283977508545,
        0.21807922422885895,
        0.2361886352300644,
        0.24678319692611694,
        0.2629289925098419,
        0.2738479673862457,
        0.28040438890457153,
        0.30480071902275085,
        0.3688238263130188,
        0.38824623823165894,
        0.4334820806980133,
        0.4404531717300415,
        0.47615745663642883,
        0.5943729281425476,
        0.6138501167297363,
        0.6354230046272278,
        0.6571077108383179,
        0.6636861562728882,
        0.6779049038887024,
        0.7466696500778198,
        0.7649726867675781,
        0.784573495388031,
        0.7875301837921143,
        0.796882688999176,
        0.8172516226768494,
        0.8356578350067139,
        0.8379676938056946,
        0.8427302837371826,
        0.8515924215316772,
        0.8550225496292114,
        0.8647226691246033,
        0.8698258399963379,
        0.8775550723075867,
        0.8818972110748291,
        0.8825036883354187,
        0.891643226146698,
        0.9000362753868103,
        0.9051709175109863,
        0.9114800691604614,
        0.9118580222129822,
        0.9144634008407593,
        0.9221039414405823,
        0.9241839647293091,
        0.9270027279853821,
        0.9296709895133972,
        0.9304502010345459,
        0.9363549947738647,
        0.9387291669845581
    ],
    "test_auroc_thresholds": [
        1.938729166984558,
        0.9387291669845581,
        0.9221039414405823,
        0.9051709175109863,
        0.9000362753868103,
        0.891643226146698,
        0.8825036883354187,
        0.8775550723075867,
        0.8698258399963379,
        0.8647226691246033,
        0.8427302837371826,
        0.8379676938056946,
        0.8356578350067139,
        0.8172516226768494,
        0.796882688999176,
        0.784573495388031,
        0.7649726867675781,
        0.7466696500778198,
        0.6138501167297363,
        0.5943729281425476,
        0.4334820806980133,
        0.38824623823165894,
        0.3688238263130188,
        0.30480071902275085,
        0.16593128442764282,
        0.16509446501731873,
        0.00019218371016904712
    ],
    "test_fpr": [
        0.0,
        0.0,
        0.041666666666666664,
        0.041666666666666664,
        0.04861111111111111,
        0.04861111111111111,
        0.05555555555555555,
        0.05555555555555555,
        0.0625,
        0.0625,
        0.08333333333333333,
        0.08333333333333333,
        0.09027777777777778,
        0.09027777777777778,
        0.09722222222222222,
        0.09722222222222222,
        0.10416666666666667,
        0.10416666666666667,
        0.1388888888888889,
        0.1388888888888889,
        0.1597222222222222,
        0.1597222222222222,
        0.16666666666666666,
        0.16666666666666666,
        0.2708333333333333,
        0.2708333333333333,
        1.0
    ],
    "test_precision": [
        0.3157894736842105,
        0.30357142857142855,
        0.3090909090909091,
        0.3148148148148148,
        0.32075471698113206,
        0.3269230769230769,
        0.3333333333333333,
        0.34,
        0.3469387755102041,
        0.3541666666666667,
        0.3617021276595745,
        0.3695652173913043,
        0.37777777777777777,
        0.38636363636363635,
        0.3953488372093023,
        0.40476190476190477,
        0.4146341463414634,
        0.4,
        0.41025641025641024,
        0.39473684210526316,
        0.40540540540540543,
        0.4166666666666667,
        0.42857142857142855,
        0.4117647058823529,
        0.42424242424242425,
        0.4375,
        0.45161290322580644,
        0.4666666666666667,
        0.4827586206896552,
        0.4642857142857143,
        0.48148148148148145,
        0.46153846153846156,
        0.44,
        0.4583333333333333,
        0.43478260869565216,
        0.45454545454545453,
        0.42857142857142855,
        0.45,
        0.47368421052631576,
        0.5,
        0.47058823529411764,
        0.5,
        0.4666666666666667,
        0.42857142857142855,
        0.46153846153846156,
        0.4166666666666667,
        0.45454545454545453,
        0.4,
        0.3333333333333333,
        0.25,
        0.14285714285714285,
        0.16666666666666666,
        0.2,
        0.25,
        0.3333333333333333,
        0.5,
        1.0,
        1.0
    ],
    "test_recall": [
        1.0,
        0.9444444444444444,
        0.9444444444444444,
        0.9444444444444444,
        0.9444444444444444,
        0.9444444444444444,
        0.9444444444444444,
        0.9444444444444444,
        0.9444444444444444,
        0.9444444444444444,
        0.9444444444444444,
        0.9444444444444444,
        0.9444444444444444,
        0.9444444444444444,
        0.9444444444444444,
        0.9444444444444444,
        0.9444444444444444,
        0.8888888888888888,
        0.8888888888888888,
        0.8333333333333334,
        0.8333333333333334,
        0.8333333333333334,
        0.8333333333333334,
        0.7777777777777778,
        0.7777777777777778,
        0.7777777777777778,
        0.7777777777777778,
        0.7777777777777778,
        0.7777777777777778,
        0.7222222222222222,
        0.7222222222222222,
        0.6666666666666666,
        0.6111111111111112,
        0.6111111111111112,
        0.5555555555555556,
        0.5555555555555556,
        0.5,
        0.5,
        0.5,
        0.5,
        0.4444444444444444,
        0.4444444444444444,
        0.3888888888888889,
        0.3333333333333333,
        0.3333333333333333,
        0.2777777777777778,
        0.2777777777777778,
        0.2222222222222222,
        0.16666666666666666,
        0.1111111111111111,
        0.05555555555555555,
        0.05555555555555555,
        0.05555555555555555,
        0.05555555555555555,
        0.05555555555555555,
        0.05555555555555555,
        0.05555555555555555,
        0.0
    ],
    "test_tpr": [
        0.0,
        0.05555555555555555,
        0.05555555555555555,
        0.2777777777777778,
        0.2777777777777778,
        0.3333333333333333,
        0.3333333333333333,
        0.4444444444444444,
        0.4444444444444444,
        0.5,
        0.5,
        0.5555555555555556,
        0.5555555555555556,
        0.6111111111111112,
        0.6111111111111112,
        0.7222222222222222,
        0.7222222222222222,
        0.7777777777777778,
        0.7777777777777778,
        0.8333333333333334,
        0.8333333333333334,
        0.8888888888888888,
        0.8888888888888888,
        0.9444444444444444,
        0.9444444444444444,
        1.0,
        1.0
    ],