epoch,acc,loss,dset,auc,auprc,tn,fp,fn,tp
1,0.8159722222222222,0.8479033826252406,train,0.5442708333333334,0.2018677977999698,231,9,44,4
1,0.8194444444444444,0.55121450084779,val,0.8109517601043025,0.4886104357676264,59,0,13,0
1,0.8888888888888888,0.5218484004338583,test,0.748070987654321,0.3427181127976747,144,0,18,0
2,0.8229166666666666,0.475721400133706,train,0.6144097222222222,0.2125336693843452,236,4,47,1
2,0.8194444444444444,0.6023162338468764,val,0.7379400260756194,0.3652455413897061,59,0,13,0
2,0.8888888888888888,0.5962933198905286,test,0.5231481481481483,0.1236024658207549,144,0,18,0
3,0.8125,0.5245215999090623,train,0.5715277777777779,0.2178885800853511,231,9,45,3
3,0.8194444444444444,0.5011926645206081,val,0.8383311603650587,0.5181823162592393,59,0,13,0
3,0.8888888888888888,0.4817395719849033,test,0.6589506172839505,0.2127008951491718,144,0,18,0
