{
    "epoch": 28,
    "test_auprc_thresholds": [
        0.005867885425686836,
        0.006105687934905291,
        0.006453726440668106,
        0.0070820157416164875,
        0.007983442395925522,
        0.010092973709106445,
        0.010360537096858025,
        0.010384682565927505,
        0.01130691822618246,
        0.019310591742396355,
        0.026404203847050667,
        0.029742088168859482,
        0.03110109642148018,
        0.03242183476686478,
        0.05835025757551193,
        0.06530465930700302,
        0.08967071026563644,
        0.10016769915819168,
        0.10471745580434799,
        0.11320134997367859,
        0.14638040959835052,
        0.16373617947101593,
        0.1825747787952423,
        0.2384202480316162,
        0.24245457351207733,
        0.2963832914829254,
        0.36327120661735535,
        0.5458406805992126,
        0.5633123517036438,
        0.5833391547203064,
        0.6311310529708862,
        0.6723389029502869,
        0.7382186651229858,
        0.8065750002861023,
        0.8242065906524658,
        0.8506709337234497,
        0.8551817536354065,
        0.8663368225097656,
        0.8693381547927856,
        0.8997409343719482,
        0.9149507880210876,
        0.9205077886581421,
        0.9244610071182251,
        0.9271476864814758,
        0.9544295072555542,
        0.9639245271682739,
        0.9659024477005005,
        0.9747650623321533,
        0.9778624773025513,
        0.9836686253547668,
        0.9864962697029114,
        0.9918825030326843
    ],
    "test_auroc_thresholds": [
        1.991882562637329,
        0.9918825030326843,
        0.9864962697029114,
        0.9836686253547668,
        0.9778624773025513,
        0.9659024477005005,
        0.9205077886581421,
        0.9149507880210876,
        0.8663368225097656,
        0.8506709337234497,
        0.8065750002861023,
        0.6723389029502869,
        0.6311310529708862,
        0.5833391547203064,
        0.5633123517036438,
        0.5458406805992126,
        0.36327120661735535,
        0.24245457351207733,
        0.2384202480316162,
        0.1825747787952423,
        0.10016769915819168,
        0.06530465930700302,
        0.029742088168859482,
        0.026404203847050667,
        0.006105687934905291,
        0.005867885425686836,
        1.0971270967274904e-06
    ],
    "test_fpr": [
        0.0,
        0.0,
        0.006944444444444444,
        0.006944444444444444,
        0.013888888888888888,
        0.013888888888888888,
        0.04861111111111111,
        0.04861111111111111,
        0.06944444444444445,
        0.06944444444444445,
        0.08333333333333333,
        0.08333333333333333,
        0.09027777777777778,
        0.09027777777777778,
        0.09722222222222222,
        0.09722222222222222,
        0.10416666666666667,
        0.10416666666666667,
        0.1111111111111111,
        0.1111111111111111,
        0.14583333333333334,
        0.14583333333333334,
        0.1736111111111111,
        0.1736111111111111,
        0.2361111111111111,
        0.2361111111111111,
        1.0
    ],
    "test_precision": [
        0.34615384615384615,
        0.3333333333333333,
        0.34,
        0.3469387755102041,
        0.3541666666666667,
        0.3617021276595745,
        0.3695652173913043,
        0.37777777777777777,
        0.38636363636363635,
        0.3953488372093023,
        0.40476190476190477,
        0.3902439024390244,
        0.4,
        0.41025641025641024,
        0.42105263157894735,
        0.43243243243243246,
        0.4166666666666667,
        0.4,
        0.4117647058823529,
        0.42424242424242425,
        0.4375,
        0.45161290322580644,
        0.4666666666666667,
        0.4482758620689655,
        0.4642857142857143,
        0.4444444444444444,
        0.4230769230769231,
        0.44,
        0.4166666666666667,
        0.43478260869565216,
        0.4090909090909091,
        0.42857142857142855,
        0.4,
        0.3684210526315789,
        0.3888888888888889,
        0.4117647058823529,
        0.375,
        0.3333333333333333,
        0.35714285714285715,
        0.38461538461538464,
        0.4166666666666667,
        0.36363636363636365,
        0.4,
        0.4444444444444444,
        0.5,
        0.5714285714285714,
        0.6666666666666666,
        0.6,
        0.5,
        0.6666666666666666,
        0.5,
        1.0,
        1.0
    ],
    "test_recall": [
        1.0,
        0.9444444444444444,
        0.9444444444444444,
        0.9444444444444444,
        0.9444444444444444,
        0.9444444444444444,
        0.9444444444444444,
        0.9444444444444444,
        0.9444444444444444,
        0.9444444444444444,
        0.9444444444444444,
        0.8888888888888888,
        0.8888888888888888,
        0.8888888888888888,
        0.8888888888888888,
        0.8888888888888888,
        0.8333333333333334,
        0.7777777777777778,
        0.7777777777777778,
        0.7777777777777778,
        0.7777777777777778,
        0.7777777777777778,
        0.7777777777777778,
        0.7222222222222222,
        0.7222222222222222,
        0.6666666666666666,
        0.6111111111111112,
        0.6111111111111112,
        0.5555555555555556,
        0.5555555555555556,
        0.5,
        0.5,
        0.4444444444444444,
        0.3888888888888889,
        0.3888888888888889,
        0.3888888888888889,
        0.3333333333333333,
        0.2777777777777778,
        0.2777777777777778,
        0.2777777777777778,
        0.2777777777777778,
        0.2222222222222222,
        0.2222222222222222,
        0.2222222222222222,
        0.2222222222222222,
        0.2222222222222222,
        0.2222222222222222,
        0.16666666666666666,
        0.1111111111111111,
        0.1111111111111111,
        0.05555555555555555,
        0.05555555555555555,
        0.0
    ],
    "test_tpr": [
        0.0,
        0.05555555555555555,
        0.05555555555555555,
        0.1111111111111111,
        0.1111111111111111,
        0.2222222222222222,
        0.2222222222222222,
        0.2777777777777778,
        0.2777777777777778,
        0.3888888888888889,
        0.3888888888888889,
        0.5,
        0.5,
        0.5555555555555556,
        0.5555555555555556,
        0.6111111111111112,
        0.6111111111111112,
        0.7222222222222222,
        0.7222222222222222,
        0.7777777777777778,
        0.7777777777777778,
        0.8888888888888888,
        0.8888888888888888,
        0.9444444444444444,
        0.9444444444444444,
        1.0,
        1.0
    ],
    "train_auprc_thresholds": [
        0.7926172018051147,
        0.8865647315979004,
        0.9282158613204956,
        0.9684505462646484,
        0.9715114831924438,
        0.9771838188171387,
        0.980728030204773,
        0.984741747379303,
        0.9873446822166443,
        0.9883162379264832,
        0.9905143976211548,
        0.9920267462730408,
        0.9940093755722046,
        0.99505615234375,
        0.995093822479248,
        0.9956678152084351,
        0.995768666267395,
        0.9959256649017334,
        0.9962761402130127,
        0.9963052272796631,
        0.9963464140892029,
        0.9963592886924744,
        0.9964208602905273,
        0.996451735496521,
        0.996894121170044,
        0.9969335794448853,
        0.9971133470535278,
        0.9975720047950745,
        0.9986442923545837,
        0.9987863898277283,
        0.9988327622413635,
        0.998840868473053,
        0.9989445805549622,
        0.9990254640579224,
        0.9992281198501587,
        0.9994852542877197,
        0.9996907711029053,
        0.9997058510780334,
        0.9997836947441101,
        0.9998089671134949,
        0.9998365640640259,
        0.9998620748519897,
        0.9998693466186523,
        0.9998917579650879,
        0.9999151229858398,
        0.9999592304229736,
        0.999961256980896,
        0.9999622106552124
    ],