{
    "epoch": 50,
    "test_auprc_thresholds": [
        0.12625212967395782,
        0.1319100707769394,
        0.13690923154354095,
        0.1405407041311264,
        0.1407700777053833,
        0.1523420661687851,
        0.15732811391353607,
        0.17468078434467316,
        0.18755704164505005,
        0.2068130522966385,
        0.21681392192840576,
        0.22142323851585388,
        0.2808912992477417,
        0.2933380603790283,
        0.3046570420265198,
        0.35160723328590393,
        0.6119347214698792,
        0.6392963528633118,
        0.7026685476303101,
        0.7074286341667175,
        0.7133353352546692,
        0.726969301700592,
        0.7522385120391846,
        0.7579284906387329,
        0.7631242275238037,
        0.8165087699890137,
        0.8290223479270935,
        0.8323315978050232,
        0.8514055013656616,
        0.8624700307846069,
        0.8713785409927368,
        0.8753167986869812,
        0.8772996664047241,
        0.8851268887519836,
        0.8873610496520996,
        0.8903943300247192,
        0.896927535533905,
        0.9018603563308716,
        0.9031063318252563,
        0.9040356278419495,
        0.9059431552886963,
        0.9079495072364807,
        0.9171678423881531,
        0.9190462231636047,
        0.9275903701782227,
        0.9300186038017273,
        0.9303715825080872,
        0.9470152258872986,
        0.9485540390014648,
        0.9502307772636414,
        0.9512327909469604
    ],
    "test_auroc_thresholds": [
        1.9512327909469604,
        0.9512327909469604,
        0.9502307772636414,
        0.9485540390014648,
        0.9470152258872986,
        0.9275903701782227,
        0.9079495072364807,
        0.896927535533905,
        0.8903943300247192,
        0.8772996664047241,
        0.8753167986869812,
        0.8713785409927368,
        0.8624700307846069,
        0.8514055013656616,
        0.7631242275238037,
        0.7522385120391846,
        0.726969301700592,
        0.7074286341667175,
        0.7026685476303101,
        0.3046570420265198,
        0.2933380603790283,
        0.2808912992477417,
        0.22142323851585388,
        0.1319100707769394,
        0.12625212967395782,
        2.4224074877565727e-05
    ],
    "test_fpr": [
        0.0,
        0.0,
        0.0,
        0.006944444444444444,
        0.006944444444444444,
        0.027777777777777776,
        0.027777777777777776,
        0.0625,
        0.0625,
        0.08333333333333333,
        0.08333333333333333,
        0.09027777777777778,
        0.09027777777777778,
        0.09722222222222222,
        0.09722222222222222,
        0.1111111111111111,
        0.1111111111111111,
        0.125,
        0.125,
        0.1527777777777778,
        0.1527777777777778,
        0.1597222222222222,
        0.1597222222222222,
        0.22916666666666666,
        0.22916666666666666,
        1.0
    ],
    "test_precision": [
        0.35294117647058826,
        0.34,
        0.3469387755102041,
        0.3541666666666667,
        0.3617021276595745,
        0.3695652173913043,
        0.37777777777777777,
        0.38636363636363635,
        0.3953488372093023,
        0.40476190476190477,
        0.4146341463414634,
        0.425,
        0.41025641025641024,
        0.42105263157894735,
        0.40540540540540543,
        0.4166666666666667,
        0.42857142857142855,
        0.4411764705882353,
        0.45454545454545453,
        0.4375,
        0.45161290322580644,
        0.4666666666666667,
        0.4482758620689655,
        0.4642857142857143,
        0.48148148148148145,
        0.46153846153846156,
        0.44,
        0.4166666666666667,
        0.391304347826087,
        0.4090909090909091,
        0.38095238095238093,
        0.4,
        0.3684210526315789,
        0.3888888888888889,
        0.4117647058823529,
        0.4375,
        0.4,
        0.42857142857142855,
        0.46153846153846156,
        0.5,
        0.5454545454545454,
        0.6,
        0.5555555555555556,
        0.5,
        0.42857142857142855,
        0.5,
        0.6,
        0.75,
        0.6666666666666666,
        1.0,
        1.0,
        1.0
    ],
    "test_recall": [
        1.0,
        0.9444444444444444,
        0.9444444444444444,
        0.9444444444444444,
        0.9444444444444444,
        0.9444444444444444,
        0.9444444444444444,
        0.9444444444444444,
        0.9444444444444444,
        0.9444444444444444,
        0.9444444444444444,
        0.9444444444444444,
        0.8888888888888888,
        0.8888888888888888,
        0.8333333333333334,
        0.8333333333333334,
        0.8333333333333334,
        0.8333333333333334,
        0.8333333333333334,
        0.7777777777777778,
        0.7777777777777778,
        0.7777777777777778,
        0.7222222222222222,
        0.7222222222222222,
        0.7222222222222222,
        0.6666666666666666,
        0.6111111111111112,
        0.5555555555555556,
        0.5,
        0.5,
        0.4444444444444444,
        0.4444444444444444,
        0.3888888888888889,
        0.3888888888888889,
        0.3888888888888889,
        0.3888888888888889,
        0.3333333333333333,
        0.3333333333333333,
        0.3333333333333333,
        0.3333333333333333,
        0.3333333333333333,
        0.3333333333333333,
        0.2777777777777778,
        0.2222222222222222,
        0.16666666666666666,
        0.16666666666666666,
        0.16666666666666666,
        0.16666666666666666,
        0.1111111111111111,
        0.1111111111111111,
        0.05555555555555555,
        0.0
    ],
    "test_tpr": [
        0.0,
        0.05555555555555555,
        0.1111111111111111,
        0.1111111111111111,
        0.16666666666666666,
        0.16666666666666666,
        0.3333333333333333,
        0.3333333333333333,
        0.3888888888888889,
        0.3888888888888889,
        0.4444444444444444,
        0.4444444444444444,
        0.5,
        0.5,
        0.7222222222222222,
        0.7222222222222222,
        0.7777777777777778,
        0.7777777777777778,
        0.8333333333333334,
        0.8333333333333334,
        0.8888888888888888,
        0.8888888888888888,
        0.9444444444444444,
        0.9444444444444444,
        1.0,
        1.0
    ],
    "train_auprc_thresholds": [
        0.7962958216667175,
        0.8285098671913147,
        0.8422070741653442,
        0.879328191280365,
        0.8827989101409912,
        0.8972896933555603,
        0.8993239402770996,
        0.9089556336402893,
        0.9618492722511292,
        0.9644025564193726,
        0.9650126695632935,
        0.9677573442459106,
        0.970719575881958,
        0.9718461036682129,
        0.9809581637382507,
        0.9810587763786316,
        0.9825313687324524,
        0.9853668212890625,
        0.9862702488899231,
        0.9872680306434631,
        0.9881086945533752,
        0.9908608198165894,
        0.9910665154457092,
        0.9925978183746338,
        0.9932014346122742,
        0.993615984916687,
        0.9938540458679199,
        0.9940170049667358,
        0.9942842125892639,
        0.994365930557251,
        0.9949287176132202,
        0.9950752854347229,
        0.9958413243293762,
        0.9959631562232971,
        0.9962052702903748,
        0.9963192939758301,
        0.9966849684715271,
        0.9970707893371582,
        0.9972705245018005,
        0.9982062578201294,
        0.9987620115280151,
        0.9991675615310669,
        0.9996660947799683,
        0.9997976422309875,
        0.9999312162399292,
        0.9999401569366455,
        0.9999606609344482,
        0.9999639987945557
    ],
    "train_auroc_thresholds": [
        1.9999639987945557,
        0.9999639987945557,
        0.7962958216667175,
        1.2456638387448038e-07
    ],
    "train_fpr": [
        0.0,
        0.0,
        0.0,
        1.0
    ],