{
    "epoch": 72,
    "test_auprc_thresholds": [
        0.07301873713731766,
        0.07392144948244095,
        0.0799034982919693,
        0.10908199846744537,
        0.1330963671207428,
        0.14856764674186707,
        0.14904868602752686,
        0.15535444021224976,
        0.158162921667099,
        0.2344539314508438,
        0.3164505362510681,
        0.3339465856552124,
        0.35865044593811035,
        0.521206259727478,
        0.5226325988769531,
        0.5342320203781128,
        0.5514403581619263,
        0.5866730809211731,
        0.5925214290618896,
        0.605571448802948,
        0.6197786331176758,
        0.6457041501998901,
        0.6824625134468079,
        0.739083468914032,
        0.7409594655036926,
        0.7583671808242798,
        0.7695824503898621,
        0.769929051399231,
        0.7747702598571777,
        0.7868230938911438,
        0.7970330119132996,
        0.807135283946991,
        0.8356534242630005,
        0.8496960401535034,
        0.871164083480835,
        0.8712623715400696,
        0.8731317520141602,
        0.8892762064933777,
        0.9037377834320068,
        0.9077718257904053,
        0.9131245017051697,
        0.9162338376045227,
        0.9578545093536377,
        0.9707489013671875
    ],
    "test_auroc_thresholds": [
        1.9707489013671875,
        0.9707489013671875,
        0.9578545093536377,
        0.9131245017051697,
        0.9077718257904053,
        0.9037377834320068,
        0.8892762064933777,
        0.8731317520141602,
        0.8496960401535034,
        0.8356534242630005,
        0.7970330119132996,
        0.769929051399231,
        0.7695824503898621,
        0.7583671808242798,
        0.7409594655036926,
        0.739083468914032,
        0.6824625134468079,
        0.6197786331176758,
        0.5925214290618896,
        0.5342320203781128,
        0.5226325988769531,
        0.3339465856552124,
        0.3164505362510681,
        0.2344539314508438,
        0.15535444021224976,
        0.07392144948244095,
        0.07301873713731766,
        9.38515440793708e-05
    ],
    "test_fpr": [
        0.0,
        0.006944444444444444,
        0.006944444444444444,
        0.020833333333333332,
        0.020833333333333332,
        0.027777777777777776,
        0.027777777777777776,
        0.034722222222222224,
        0.034722222222222224,
        0.041666666666666664,
        0.041666666666666664,
        0.0625,
        0.0625,
        0.06944444444444445,
        0.06944444444444445,
        0.0763888888888889,
        0.0763888888888889,
        0.09027777777777778,
        0.09027777777777778,
        0.1111111111111111,
        0.1111111111111111,
        0.13194444444444445,
        0.13194444444444445,
        0.1388888888888889,
        0.1388888888888889,
        0.18055555555555555,
        0.18055555555555555,
        1.0
    ],
    "test_precision": [
        0.4090909090909091,
        0.3953488372093023,
        0.40476190476190477,
        0.4146341463414634,
        0.425,
        0.4358974358974359,
        0.4473684210526316,
        0.4594594594594595,
        0.4444444444444444,
        0.42857142857142855,
        0.4411764705882353,
        0.42424242424242425,
        0.4375,
        0.45161290322580644,
        0.4666666666666667,
        0.4482758620689655,
        0.4642857142857143,
        0.48148148148148145,
        0.5,
        0.48,
        0.4583333333333333,
        0.4782608695652174,
        0.5,
        0.47619047619047616,
        0.5,
        0.47368421052631576,
        0.5,
        0.47058823529411764,
        0.5,
        0.5333333333333333,
        0.5714285714285714,
        0.5384615384615384,
        0.5,
        0.5454545454545454,
        0.5,
        0.4444444444444444,
        0.375,
        0.42857142857142855,
        0.3333333333333333,
        0.4,
        0.25,
        0.3333333333333333,
        0.5,
        0.0,
        1.0
    ],
    "test_recall": [
        1.0,
        0.9444444444444444,
        0.9444444444444444,
        0.9444444444444444,
        0.9444444444444444,
        0.9444444444444444,
        0.9444444444444444,
        0.9444444444444444,
        0.8888888888888888,
        0.8333333333333334,
        0.8333333333333334,
        0.7777777777777778,
        0.7777777777777778,
        0.7777777777777778,
        0.7777777777777778,
        0.7222222222222222,
        0.7222222222222222,
        0.7222222222222222,
        0.7222222222222222,
        0.6666666666666666,
        0.6111111111111112,
        0.6111111111111112,
        0.6111111111111112,
        0.5555555555555556,
        0.5555555555555556,
        0.5,
        0.5,
        0.4444444444444444,
        0.4444444444444444,
        0.4444444444444444,
        0.4444444444444444,
        0.3888888888888889,
        0.3333333333333333,
        0.3333333333333333,
        0.2777777777777778,
        0.2222222222222222,
        0.16666666666666666,
        0.16666666666666666,
        0.1111111111111111,
        0.1111111111111111,
        0.05555555555555555,
        0.05555555555555555,
        0.05555555555555555,
        0.0,
        0.0
    ],
    "test_tpr": [
        0.0,
        0.0,
        0.05555555555555555,
        0.05555555555555555,
        0.1111111111111111,
        0.1111111111111111,
        0.16666666666666666,
        0.16666666666666666,
        0.3333333333333333,
        0.3333333333333333,
        0.4444444444444444,
        0.4444444444444444,
        0.5,
        0.5,
        0.5555555555555556,
        0.5555555555555556,
        0.6111111111111112,
        0.6111111111111112,
        0.7222222222222222,
        0.7222222222222222,
        0.7777777777777778,
        0.7777777777777778,
        0.8333333333333334,
        0.8333333333333334,
        0.9444444444444444,
        0.9444444444444444,
        1.0,
        1.0
    ],
    "train_auprc_thresholds": [
        0.924010694026947,
        0.9842433929443359,
        0.984915018081665,
        0.9899612665176392,
        0.9913466572761536,
        0.9919547438621521,
        0.9951818585395813,
        0.9953283071517944,
        0.9976221919059753,
        0.9978345036506653,
        0.9978669881820679,
        0.9979932308197021,
        0.9980804920196533,
        0.9980812072753906,
        0.9982477426528931,
        0.9984707236289978,
        0.9985085129737854,
        0.9985210299491882,
        0.9985693693161011,
        0.9986479878425598,
        0.998799204826355,
        0.9989909529685974,
        0.9990391731262207,
        0.99919193983078,
        0.9992081522941589,
        0.9992451667785645,
        0.999291181564331,
        0.9993122816085815,
        0.9993270635604858,
        0.9994170665740967,
        0.9994335770606995,
        0.9994552731513977,
        0.999530553817749,
        0.9995960593223572,
        0.9996010661125183,
        0.9996070265769958,
        0.9996104836463928,
        0.999679446220398,
        0.9996944665908813,
        0.9997286200523376,
        0.9997619986534119,
        0.9998342990875244,
        0.9998705387115479,
        0.9999243021011353,
        0.9999748468399048,
        0.9999756813049316,
        0.9999990463256836,
        0.9999996423721313
    ],
    "train_auroc_thresholds": [
        1.9999996423721313,
        0.9999996423721313,
        0.924010694026947,
        6.978622195674689e-07
    ],
    "train_fpr": [
        0.0,
        0.0,
        0.0,
        1.0
    ],