{
    "epoch": 66,
    "test_auprc_thresholds": [
        0.002104179933667183,
        0.0033647457603365183,
        0.003411191748455167,
        0.005144440568983555,
        0.005805492866784334,
        0.00772095937281847,
        0.008113979361951351,
        0.008301539346575737,
        0.008367631584405899,
        0.00900175329297781,
        0.01339334063231945,
        0.014063680544495583,
        0.015057762153446674,
        0.015535726211965084,
        0.015999210998415947,
        0.0169057659804821,
        0.018317680805921555,
        0.021654024720191956,
        0.022834016010165215,
        0.024669073522090912,
        0.025636499747633934,
        0.02566656842827797,
        0.026720095425844193,
        0.02752368524670601,
        0.031542032957077026,
        0.03387080878019333,
        0.03424415737390518,
        0.040228936821222305,
        0.04031464084982872,
        0.04546808823943138,
        0.053428955376148224,
        0.06365825235843658,
        0.07751567661762238,
        0.08304398506879807,
        0.1051909476518631,
        0.11604622006416321,
        0.12083843350410461,
        0.1222635880112648,
        0.12248135358095169,
        0.13273973762989044,
        0.13912904262542725,
        0.17418459057807922,
        0.2015758752822876,
        0.22088710963726044,
        0.2247789055109024,
        0.2484922558069229,
        0.2610073983669281,
        0.28645020723342896,
        0.3053634464740753,
        0.35554206371307373,
        0.4114200472831726,
        0.4948205351829529,
        0.5960448980331421,
        0.6071151494979858,
        0.6091987490653992,
        0.6403569579124451,
        0.655210554599762,
        0.6753448247909546,
        0.7094355821609497,
        0.7106114029884338,
        0.7323832511901855,
        0.7578739523887634,
        0.7665631771087646,
        0.766804039478302,
        0.8114843368530273,
        0.8146653175354004,
        0.8324699997901917,
        0.8358837366104126,
        0.8538239002227783,
        0.8575081825256348,
        0.8583442568778992,
        0.8614347577095032,
        0.866571307182312,
        0.8790111541748047,
        0.8859362602233887,
        0.9001145958900452,
        0.9061858654022217,
        0.9087189435958862,
        0.9252793788909912,
        0.9257879257202148,
        0.9331379532814026,
        0.9500511884689331,
        0.9520381689071655,
        0.9750410914421082,
        0.9837136268615723,
        0.9880169630050659,
        0.9926270842552185,
        0.9928566217422485
    ],
    "test_auroc_thresholds": [
        1.9928566217422485,
        0.9928566217422485,
        0.9926270842552185,
        0.9750410914421082,
        0.9500511884689331,
        0.9331379532814026,
        0.9257879257202148,
        0.9061858654022217,
        0.9001145958900452,
        0.8859362602233887,
        0.8583442568778992,
        0.8538239002227783,
        0.8358837366104126,
        0.7323832511901855,
        0.7094355821609497,
        0.6403569579124451,
        0.6091987490653992,
        0.4948205351829529,
        0.4114200472831726,
        0.2610073983669281,
        0.2484922558069229,
        0.12248135358095169,
        0.1222635880112648,
        0.021654024720191956,
        0.018317680805921555,
        0.0033647457603365183,
        0.002104179933667183,
        1.3454863612150092e-10
    ],
    "test_fpr": [
        0.0,
        0.006944444444444444,
        0.006944444444444444,
        0.027777777777777776,
        0.027777777777777776,
        0.034722222222222224,
        0.034722222222222224,
        0.05555555555555555,
        0.05555555555555555,
        0.0625,
        0.0625,
        0.0763888888888889,
        0.0763888888888889,
        0.125,
        0.125,
        0.14583333333333334,
        0.14583333333333334,
        0.16666666666666666,
        0.16666666666666666,
        0.19444444444444445,
        0.19444444444444445,
        0.24305555555555555,
        0.24305555555555555,
        0.3819444444444444,
        0.3819444444444444,
        0.4861111111111111,
        0.4861111111111111,
        1.0
    ],
    "test_precision": [
        0.20454545454545456,
        0.19540229885057472,
        0.19767441860465115,
        0.2,
        0.20238095238095238,
        0.20481927710843373,
        0.2073170731707317,
        0.20987654320987653,
        0.2125,
        0.21518987341772153,
        0.21794871794871795,
        0.22077922077922077,
        0.2236842105263158,
        0.22666666666666666,
        0.22972972972972974,
        0.2328767123287671,
        0.2361111111111111,
        0.22535211267605634,
        0.22857142857142856,
        0.2318840579710145,
        0.23529411764705882,
        0.23880597014925373,
        0.24242424242424243,
        0.24615384615384617,
        0.25,
        0.25396825396825395,
        0.25806451612903225,
        0.26229508196721313,
        0.26666666666666666,
        0.2711864406779661,
        0.27586206896551724,
        0.2807017543859649,
        0.2857142857142857,
        0.2909090909090909,
        0.2962962962962963,
        0.3018867924528302,
        0.3076923076923077,
        0.3137254901960784,
        0.3,
        0.30612244897959184,
        0.3125,
        0.3191489361702128,
        0.32608695652173914,
        0.3333333333333333,
        0.3409090909090909,
        0.3488372093023256,
        0.3333333333333333,
        0.34146341463414637,
        0.35,
        0.358974358974359,
        0.3684210526315789,
        0.35135135135135137,
        0.3611111111111111,
        0.37142857142857144,
        0.38235294117647056,
        0.36363636363636365,
        0.375,
        0.3870967741935484,
        0.4,
        0.3793103448275862,
        0.35714285714285715,
        0.37037037037037035,
        0.38461538461538464,
        0.4,
        0.4166666666666667,
        0.43478260869565216,
        0.45454545454545453,
        0.47619047619047616,
        0.45,
        0.47368421052631576,
        0.5,
        0.47058823529411764,
        0.4375,
        0.4,
        0.35714285714285715,
        0.38461538461538464,
        0.3333333333333333,
        0.36363636363636365,
        0.4,
        0.4444444444444444,
        0.375,
        0.42857142857142855,
        0.3333333333333333,
        0.2,
        0.25,
        0.3333333333333333,
        0.5,
        0.0,
        1.0
    ],