{
    "epoch": 54,
    "test_auprc_thresholds": [
        0.0072360169142484665,
        0.007772691547870636,
        0.007840940728783607,
        0.012295151129364967,
        0.012323823757469654,
        0.0136532848700881,
        0.0216590017080307,
        0.025886472314596176,
        0.03010747954249382,
        0.030107494443655014,
        0.03228460252285004,
        0.034667983651161194,
        0.03838616609573364,
        0.040262360125780106,
        0.04176047071814537,
        0.043396856635808945,
        0.05026177689433098,
        0.05896523967385292,
        0.060866087675094604,
        0.06297194957733154,
        0.06323614716529846,
        0.06957750767469406,
        0.08000747859477997,
        0.08727123588323593,
        0.09449411928653717,
        0.09547893702983856,
        0.09555519372224808,
        0.11185233294963837,
        0.11418278515338898,
        0.12342560291290283,
        0.1338476985692978,
        0.1467723846435547,
        0.2012004554271698,
        0.20263341069221497,
        0.21806921064853668,
        0.2255222499370575,
        0.26197314262390137,
        0.2790032923221588,
        0.323566734790802,
        0.3479200601577759,
        0.36984783411026,
        0.388790488243103,
        0.4134383201599121,
        0.4461349546909332,
        0.46160104870796204,
        0.4888043999671936,
        0.4949187934398651,
        0.5743571519851685,
        0.6073746681213379,
        0.6130078434944153,
        0.6826193332672119,
        0.7458746433258057,
        0.7484882473945618,
        0.7676094770431519,
        0.8075166940689087,
        0.88539057970047,
        0.8878324627876282,
        0.8915703296661377,
        0.9042887091636658,
        0.9318844079971313,
        0.9543044567108154,
        0.9719021320343018
    ],
    "test_auroc_thresholds": [
        1.9719021320343018,
        0.9719021320343018,
        0.9543044567108154,
        0.9318844079971313,
        0.9042887091636658,
        0.8878324627876282,
        0.88539057970047,
        0.8075166940689087,
        0.7458746433258057,
        0.6826193332672119,
        0.4949187934398651,
        0.4888043999671936,
        0.388790488243103,
        0.36984783411026,
        0.2790032923221588,
        0.2255222499370575,
        0.2012004554271698,
        0.1467723846435547,
        0.12342560291290283,
        0.11418278515338898,
        0.06957750767469406,
        0.06323614716529846,
        0.060866087675094604,
        0.05896523967385292,
        0.05026177689433098,
        0.043396856635808945,
        0.03838616609573364,
        0.03228460252285004,
        0.007772691547870636,
        0.0072360169142484665,
        7.64887042592477e-10
    ],
    "test_fpr": [
        0.0,
        0.0,
        0.006944444444444444,
        0.006944444444444444,
        0.013888888888888888,
        0.013888888888888888,
        0.020833333333333332,
        0.020833333333333332,
        0.041666666666666664,
        0.041666666666666664,
        0.06944444444444445,
        0.06944444444444445,
        0.09722222222222222,
        0.09722222222222222,
        0.11805555555555555,
        0.11805555555555555,
        0.1388888888888889,
        0.1388888888888889,
        0.1527777777777778,
        0.1527777777777778,
        0.2013888888888889,
        0.2013888888888889,
        0.2152777777777778,
        0.2152777777777778,
        0.2222222222222222,
        0.2222222222222222,
        0.24305555555555555,
        0.24305555555555555,
        0.3055555555555556,
        0.3055555555555556,
        1.0
    ],
    "test_precision": [
        0.2903225806451613,
        0.2786885245901639,
        0.2833333333333333,
        0.288135593220339,
        0.29310344827586204,
        0.2982456140350877,
        0.30357142857142855,
        0.3090909090909091,
        0.3148148148148148,
        0.32075471698113206,
        0.3269230769230769,
        0.3137254901960784,
        0.3,
        0.30612244897959184,
        0.3125,
        0.3191489361702128,
        0.30434782608695654,
        0.3111111111111111,
        0.29545454545454547,
        0.3023255813953488,
        0.30952380952380953,
        0.2926829268292683,
        0.3,
        0.3076923076923077,
        0.3157894736842105,
        0.32432432432432434,
        0.3333333333333333,
        0.34285714285714286,
        0.35294117647058826,
        0.3333333333333333,
        0.34375,
        0.3548387096774194,
        0.3333333333333333,
        0.3448275862068966,
        0.35714285714285715,
        0.37037037037037035,
        0.34615384615384615,
        0.32,
        0.3333333333333333,
        0.34782608695652173,
        0.36363636363636365,
        0.3333333333333333,
        0.35,
        0.3684210526315789,
        0.3888888888888889,
        0.4117647058823529,
        0.375,
        0.4,
        0.42857142857142855,
        0.46153846153846156,
        0.5,
        0.45454545454545453,
        0.5,
        0.5555555555555556,
        0.625,
        0.5714285714285714,
        0.6666666666666666,
        0.6,
        0.5,
        0.6666666666666666,
        0.5,
        1.0,
        1.0
    ],
    "test_recall": [
        1.0,
        0.9444444444444444,
        0.9444444444444444,
        0.9444444444444444,
        0.9444444444444444,
        0.9444444444444444,
        0.9444444444444444,
        0.9444444444444444,
        0.9444444444444444,
        0.9444444444444444,
        0.9444444444444444,
        0.8888888888888888,
        0.8333333333333334,
        0.8333333333333334,
        0.8333333333333334,
        0.8333333333333334,
        0.7777777777777778,
        0.7777777777777778,
        0.7222222222222222,
        0.7222222222222222,
        0.7222222222222222,
        0.6666666666666666,
        0.6666666666666666,
        0.6666666666666666,
        0.6666666666666666,
        0.6666666666666666,
        0.6666666666666666,
        0.6666666666666666,
        0.6666666666666666,
        0.6111111111111112,
        0.6111111111111112,
        0.6111111111111112,
        0.5555555555555556,
        0.5555555555555556,
        0.5555555555555556,
        0.5555555555555556,
        0.5,
        0.4444444444444444,
        0.4444444444444444,
        0.4444444444444444,
        0.4444444444444444,
        0.3888888888888889,
        0.3888888888888889,
        0.3888888888888889,
        0.3888888888888889,
        0.3888888888888889,
        0.3333333333333333,
        0.3333333333333333,
        0.3333333333333333,
        0.3333333333333333,
        0.3333333333333333,
        0.2777777777777778,
        0.2777777777777778,
        0.2777777777777778,
        0.2777777777777778,
        0.2222222222222222,
        0.2222222222222222,
        0.16666666666666666,
        0.1111111111111111,
        0.1111111111111111,
        0.05555555555555555,
        0.05555555555555555,
        0.0
    ],
    "test_tpr": [
        0.0,
        0.05555555555555555,
        0.05555555555555555,
        0.1111111111111111,
        0.1111111111111111,
        0.2222222222222222,
        0.2222222222222222,
        0.2777777777777778,
        0.2777777777777778,
        0.3333333333333333,
        0.3333333333333333,
        0.3888888888888889,
        0.3888888888888889,
        0.4444444444444444,
        0.4444444444444444,
        0.5555555555555556,
        0.5555555555555556,
        0.6111111111111112,
        0.6111111111111112,
        0.6666666666666666,
        0.6666666666666666,
        0.7222222222222222,
        0.7222222222222222,
        0.7777777777777778,
        0.7777777777777778,
        0.8333333333333334,
        0.8333333333333334,
        0.9444444444444444,
        0.9444444444444444,
        1.0,
        1.0
    ],