{
    "epoch": 36,
    "test_auprc_thresholds": [
        0.0004845487419515848,
        0.0007009673281572759,
        0.0010123979300260544,
        0.0016862937482073903,
        0.001910294173285365,
        0.0021117699798196554,
        0.0029071648605167866,
        0.00319331930950284,
        0.0034334014635533094,
        0.0037371169310063124,
        0.00406764866784215,
        0.004199339542537928,
        0.004209115635603666,
        0.004581725690513849,
        0.005509770475327969,
        0.0057564955204725266,
        0.006133131682872772,
        0.006732635200023651,
        0.00953134149312973,
        0.009982354938983917,
        0.011012159287929535,
        0.020690172910690308,
        0.046673670411109924,
        0.05624786391854286,
        0.05768614634871483,
        0.0779310017824173,
        0.09085609763860703,
        0.09463120251893997,
        0.10730187594890594,
        0.11134227365255356,
        0.11589348316192627,
        0.1878543645143509,
        0.20112720131874084,
        0.22810590267181396,
        0.3176157474517822,
        0.34541067481040955,
        0.40135687589645386,
        0.4484044015407562,
        0.45880720019340515,
        0.5546406507492065,
        0.6233327984809875,
        0.6894041895866394,
        0.7044298052787781,
        0.7263195514678955,
        0.7324916124343872,
        0.7603282928466797,
        0.7626198530197144,
        0.8134164810180664,
        0.8351326584815979,
        0.8470103740692139,
        0.8487177491188049,
        0.850257158279419,
        0.8752426505088806,
        0.8762209415435791,
        0.8951292634010315,
        0.9020289182662964,
        0.9067133069038391,
        0.9163708090782166,
        0.9179680943489075,
        0.9262112975120544,
        0.9272871613502502,
        0.9279291033744812,
        0.9374518394470215,
        0.9493006467819214,
        0.9524252414703369,
        0.9569053053855896,
        0.968341052532196,
        0.9769803285598755,
        0.9795406460762024,
        0.9819241166114807,
        0.9857611060142517,
        0.9874542951583862,
        0.987691342830658,
        0.989264965057373,
        0.989750325679779,
        0.9905833005905151,
        0.9930053353309631,
        0.9948902130126953,
        0.9950619339942932,
        0.9953061938285828,
        0.9953275918960571,
        0.9955848455429077,
        0.9957322478294373,
        0.9959293007850647,
        0.9960253238677979,
        0.9962032437324524,
        0.9970922470092773,
        0.9978370070457458,
        0.9978402853012085,
        0.9983685612678528,
        0.998490571975708,
        0.9986279010772705,
        0.9987320303916931,
        0.9989107847213745,
        0.9990800619125366,
        0.9992208480834961,
        0.9992496371269226,
        0.9995796084403992,
        0.9996911287307739
    ],
    "test_auroc_thresholds": [
        1.999691128730774,
        0.9996911287307739,
        0.9992496371269226,
        0.9992208480834961,
        0.9990800619125366,
        0.9989107847213745,
        0.9987320303916931,
        0.9978370070457458,
        0.9962032437324524,
        0.9957322478294373,
        0.9955848455429077,
        0.9953275918960571,
        0.9953061938285828,
        0.9950619339942932,
        0.9930053353309631,
        0.9905833005905151,
        0.989750325679779,
        0.987691342830658,
        0.9874542951583862,
        0.9795406460762024,
        0.968341052532196,
        0.9493006467819214,
        0.9374518394470215,
        0.6233327984809875,
        0.5546406507492065,
        0.34541067481040955,
        0.3176157474517822,
        0.0007009673281572759,
        0.0004845487419515848,
        7.429543942458876e-19
    ],
    "test_fpr": [
        0.0,
        0.006944444444444444,
        0.006944444444444444,
        0.013888888888888888,
        0.013888888888888888,
        0.020833333333333332,
        0.020833333333333332,
        0.05555555555555555,
        0.05555555555555555,
        0.0763888888888889,
        0.0763888888888889,
        0.08333333333333333,
        0.08333333333333333,
        0.09027777777777778,
        0.09027777777777778,
        0.09722222222222222,
        0.09722222222222222,
        0.1111111111111111,
        0.1111111111111111,
        0.13194444444444445,
        0.13194444444444445,
        0.1527777777777778,
        0.1527777777777778,
        0.3055555555555556,
        0.3055555555555556,
        0.3333333333333333,
        0.3333333333333333,
        0.5625,
        0.5625,
        1.0
    ],
    "test_precision": [
        0.18181818181818182,
        0.17346938775510204,
        0.17525773195876287,
        0.17708333333333334,
        0.17894736842105263,
        0.18085106382978725,
        0.1827956989247312,
        0.18478260869565216,
        0.18681318681318682,
        0.18888888888888888,
        0.19101123595505617,
        0.19318181818181818,
        0.19540229885057472,
        0.19767441860465115,
        0.2,
        0.20238095238095238,
        0.20481927710843373,
        0.2073170731707317,
        0.20987654320987653,
        0.2125,
        0.21518987341772153,
        0.21794871794871795,
        0.22077922077922077,
        0.2236842105263158,
        0.22666666666666666,
        0.22972972972972974,
        0.2328767123287671,
        0.2361111111111111,
        0.23943661971830985,
        0.24285714285714285,
        0.2463768115942029,
        0.25,
        0.2537313432835821,
        0.25757575757575757,
        0.26153846153846155,
        0.25,
        0.25396825396825395,
        0.25806451612903225,
        0.26229508196721313,
        0.26666666666666666,
        0.2542372881355932,
        0.25862068965517243,
        0.2631578947368421,
        0.26785714285714285,
        0.2727272727272727,
        0.2777777777777778,
        0.2830188679245283,
        0.28846153846153844,
        0.29411764705882354,
        0.3,
        0.30612244897959184,
        0.3125,
        0.3191489361702128,
        0.32608695652173914,
        0.3333333333333333,
        0.3409090909090909,
        0.3488372093023256,
        0.35714285714285715,
        0.36585365853658536,
        0.375,
        0.38461538461538464,
        0.39473684210526316,
        0.40540540540540543,
        0.3888888888888889,
        0.4,
        0.4117647058823529,
        0.42424242424242425,
        0.40625,
        0.3870967741935484,
        0.4,
        0.41379310344827586,
        0.42857142857142855,
        0.4074074074074074,
        0.4230769230769231,
        0.44,
        0.4166666666666667,
        0.43478260869565216,
        0.4090909090909091,
        0.38095238095238093,
        0.4,
        0.3684210526315789,
        0.3888888888888889,
        0.35294117647058826,
        0.375,
        0.4,
        0.42857142857142855,
        0.38461538461538464,
        0.3333333333333333,
        0.36363636363636365,
        0.4,
        0.4444444444444444,
        0.5,
        0.5714285714285714,
        0.5,
        0.6,
        0.5,
        0.6666666666666666,
        0.5,
        0.0,
        1.0
    ],