{
    "epoch": 100,
    "test_auprc_thresholds": [
        0.2077626883983612,
        0.20897795259952545,
        0.2164536565542221,
        0.21746806800365448,
        0.2310687154531479,
        0.23118722438812256,
        0.23201148211956024,
        0.23241744935512543,
        0.23957259953022003,
        0.2534783184528351,
        0.28689345717430115,
        0.37273839116096497,
        0.3827701807022095,
        0.43875473737716675,
        0.4431231915950775,
        0.468154639005661,
        0.47782254219055176,
        0.5489979982376099,
        0.5492987632751465,
        0.5502930283546448,
        0.5757745504379272,
        0.5811430811882019,
        0.5873280763626099,
        0.5902101993560791,
        0.5937640070915222,
        0.6141588687896729,
        0.6186472773551941,
        0.6207708120346069,
        0.6345140337944031,
        0.6435371041297913,
        0.655316948890686,
        0.6571912169456482,
        0.675615668296814,
        0.6792001128196716,
        0.6817309260368347,
        0.6971133947372437,
        0.7045770287513733,
        0.7249113321304321,
        0.7292049527168274,
        0.7312511801719666,
        0.7317754030227661,
        0.7380009889602661,
        0.7504406571388245,
        0.7735493183135986,
        0.7770869731903076,
        0.7774341702461243,
        0.7909908890724182,
        0.7921626567840576,
        0.8168794512748718
    ],
    "test_auroc_thresholds": [
        1.8168795108795166,
        0.8168794512748718,
        0.7921626567840576,
        0.7735493183135986,
        0.7504406571388245,
        0.7380009889602661,
        0.7317754030227661,
        0.7312511801719666,
        0.6971133947372437,
        0.6792001128196716,
        0.655316948890686,
        0.6207708120346069,
        0.6186472773551941,
        0.6141588687896729,
        0.5937640070915222,
        0.5902101993560791,
        0.5811430811882019,
        0.468154639005661,
        0.4431231915950775,
        0.43875473737716675,
        0.3827701807022095,
        0.28689345717430115,
        0.2534783184528351,
        0.20897795259952545,
        0.2077626883983612,
        0.0024022830184549093
    ],
    "test_fpr": [
        0.0,
        0.006944444444444444,
        0.006944444444444444,
        0.034722222222222224,
        0.034722222222222224,
        0.041666666666666664,
        0.041666666666666664,
        0.04861111111111111,
        0.04861111111111111,
        0.0625,
        0.0625,
        0.08333333333333333,
        0.08333333333333333,
        0.09027777777777778,
        0.09027777777777778,
        0.09722222222222222,
        0.09722222222222222,
        0.1388888888888889,
        0.1388888888888889,
        0.14583333333333334,
        0.14583333333333334,
        0.1597222222222222,
        0.1597222222222222,
        0.2152777777777778,
        0.2152777777777778,
        1.0
    ],
    "test_precision": [
        0.3673469387755102,
        0.3541666666666667,
        0.3617021276595745,
        0.3695652173913043,
        0.37777777777777777,
        0.38636363636363635,
        0.3953488372093023,
        0.40476190476190477,
        0.4146341463414634,
        0.425,
        0.41025641025641024,
        0.42105263157894735,
        0.43243243243243246,
        0.4166666666666667,
        0.42857142857142855,
        0.4117647058823529,
        0.42424242424242425,
        0.4375,
        0.45161290322580644,
        0.4666666666666667,
        0.4827586206896552,
        0.5,
        0.48148148148148145,
        0.46153846153846156,
        0.48,
        0.4583333333333333,
        0.4782608695652174,
        0.45454545454545453,
        0.47619047619047616,
        0.5,
        0.5263157894736842,
        0.5,
        0.47058823529411764,
        0.4375,
        0.4666666666666667,
        0.5,
        0.46153846153846156,
        0.4166666666666667,
        0.36363636363636365,
        0.3,
        0.3333333333333333,
        0.25,
        0.2857142857142857,
        0.16666666666666666,
        0.2,
        0.25,
        0.3333333333333333,
        0.5,
        0.0,
        1.0
    ],
    "test_recall": [
        1.0,
        0.9444444444444444,
        0.9444444444444444,
        0.9444444444444444,
        0.9444444444444444,
        0.9444444444444444,
        0.9444444444444444,
        0.9444444444444444,
        0.9444444444444444,
        0.9444444444444444,
        0.8888888888888888,
        0.8888888888888888,
        0.8888888888888888,
        0.8333333333333334,
        0.8333333333333334,
        0.7777777777777778,
        0.7777777777777778,
        0.7777777777777778,
        0.7777777777777778,
        0.7777777777777778,
        0.7777777777777778,
        0.7777777777777778,
        0.7222222222222222,
        0.6666666666666666,
        0.6666666666666666,
        0.6111111111111112,
        0.6111111111111112,
        0.5555555555555556,
        0.5555555555555556,
        0.5555555555555556,
        0.5555555555555556,
        0.5,
        0.4444444444444444,
        0.3888888888888889,
        0.3888888888888889,
        0.3888888888888889,
        0.3333333333333333,
        0.2777777777777778,
        0.2222222222222222,
        0.16666666666666666,
        0.16666666666666666,
        0.1111111111111111,
        0.1111111111111111,
        0.05555555555555555,
        0.05555555555555555,
        0.05555555555555555,
        0.05555555555555555,
        0.05555555555555555,
        0.0,
        0.0
    ],
    "test_tpr": [
        0.0,
        0.0,
        0.05555555555555555,
        0.05555555555555555,
        0.1111111111111111,
        0.1111111111111111,
        0.16666666666666666,
        0.16666666666666666,
        0.3888888888888889,
        0.3888888888888889,
        0.5555555555555556,
        0.5555555555555556,
        0.6111111111111112,
        0.6111111111111112,
        0.6666666666666666,
        0.6666666666666666,
        0.7777777777777778,
        0.7777777777777778,
        0.8333333333333334,
        0.8333333333333334,
        0.8888888888888888,
        0.8888888888888888,
        0.9444444444444444,
        0.9444444444444444,
        1.0,
        1.0
    ],
    "train_auprc_thresholds": [
        0.28373900055885315,
        0.2984043061733246,
        0.3211487829685211,
        0.32165956497192383,
        0.44104501605033875,
        0.4615384340286255,
        0.4680427312850952,
        0.532325029373169,
        0.5689310431480408,
        0.6558806896209717,
        0.6689455509185791,
        0.7366171479225159,
        0.7453036904335022,
        0.7481797933578491,
        0.7491120100021362,
        0.7587752342224121,
        0.7972133159637451,
        0.8280594348907471,
        0.8491131663322449,
        0.8708959221839905,
        0.8855018615722656,
        0.8961473703384399,
        0.9076867699623108,
        0.9090257883071899,
        0.9113590717315674,
        0.9180453419685364,
        0.9201163649559021,
        0.9242404699325562,
        0.9381600618362427,
        0.9403111338615417,
        0.9507016539573669,
        0.9533945918083191,
        0.955487847328186,
        0.9587833285331726,
        0.9611884951591492,
        0.9693770408630371,
        0.971847414970398,
        0.9730328917503357,
        0.9801534414291382,
        0.9847792983055115,
        0.9849058985710144,
        0.985651969909668,
        0.986916184425354,
        0.9873101711273193,
        0.9879135489463806,
        0.9898340702056885,
        0.9922322034835815,
        0.9968942403793335,
        0.9979148507118225,
        0.9993789196014404
    ],
    "train_auroc_thresholds": [
        1.9993789196014404,
        0.9993789196014404,
        0.6558806896209717,
        0.5689310431480408,
        0.44104501605033875,
        0.32165956497192383,
        0.28373900055885315,
        2.3178856281447224e-05
    ],