{
    "epoch": 37,
    "test_auprc_thresholds": [
        0.019709710031747818,
        0.02042565681040287,
        0.021651534363627434,
        0.02324969321489334,
        0.025958731770515442,
        0.0271738450974226,
        0.03538329526782036,
        0.036840666085481644,
        0.03959235921502113,
        0.044141292572021484,
        0.0441630519926548,
        0.04584319144487381,
        0.058753106743097305,
        0.07018127292394638,
        0.07075852155685425,
        0.0751538947224617,
        0.07629341632127762,
        0.07799068838357925,
        0.08761437237262726,
        0.08903172612190247,
        0.09949444979429245,
        0.10117176920175552,
        0.10423219203948975,
        0.10464366525411606,
        0.10844362527132034,
        0.12267275154590607,
        0.1270381063222885,
        0.13236813247203827,
        0.18339630961418152,
        0.20049570500850677,
        0.2062975913286209,
        0.302508682012558,
        0.32768234610557556,
        0.43611785769462585,
        0.44110989570617676,
        0.48415061831474304,
        0.5451757311820984,
        0.5638160705566406,
        0.6079295873641968,
        0.6320660710334778,
        0.6708981394767761,
        0.6745608448982239,
        0.7342678308486938,
        0.7920417785644531,
        0.7939481139183044,
        0.813811182975769,
        0.8414837718009949,
        0.8560962677001953,
        0.8979626297950745,
        0.9015198349952698,
        0.9060056805610657,
        0.9141573905944824,
        0.9152759909629822,
        0.9212607741355896,
        0.9253171682357788,
        0.9253783822059631,
        0.9260852336883545,
        0.9383409023284912,
        0.9383476972579956,
        0.9421020746231079,
        0.9441247582435608,
        0.9535056352615356,
        0.9543156027793884,
        0.9754840731620789
    ],
    "test_auroc_thresholds": [
        1.9754841327667236,
        0.9754840731620789,
        0.9535056352615356,
        0.9421020746231079,
        0.9383476972579956,
        0.9253171682357788,
        0.9212607741355896,
        0.9060056805610657,
        0.8560962677001953,
        0.813811182975769,
        0.7342678308486938,
        0.6745608448982239,
        0.6708981394767761,
        0.6079295873641968,
        0.5451757311820984,
        0.43611785769462585,
        0.32768234610557556,
        0.20049570500850677,
        0.18339630961418152,
        0.08903172612190247,
        0.08761437237262726,
        0.03538329526782036,
        0.0271738450974226,
        0.02042565681040287,
        0.019709710031747818,
        2.714222546273959e-06
    ],
    "test_fpr": [
        0.0,
        0.006944444444444444,
        0.006944444444444444,
        0.020833333333333332,
        0.020833333333333332,
        0.04861111111111111,
        0.04861111111111111,
        0.06944444444444445,
        0.06944444444444445,
        0.08333333333333333,
        0.08333333333333333,
        0.09027777777777778,
        0.09027777777777778,
        0.10416666666666667,
        0.10416666666666667,
        0.125,
        0.125,
        0.14583333333333334,
        0.14583333333333334,
        0.20833333333333334,
        0.20833333333333334,
        0.2916666666666667,
        0.2916666666666667,
        0.3194444444444444,
        0.3194444444444444,
        1.0
    ],
    "test_precision": [
        0.28125,
        0.2698412698412698,
        0.27419354838709675,
        0.2786885245901639,
        0.2833333333333333,
        0.288135593220339,
        0.27586206896551724,
        0.2807017543859649,
        0.2857142857142857,
        0.2909090909090909,
        0.2962962962962963,
        0.3018867924528302,
        0.3076923076923077,
        0.3137254901960784,
        0.32,
        0.32653061224489793,
        0.3333333333333333,
        0.3404255319148936,
        0.34782608695652173,
        0.3333333333333333,
        0.3409090909090909,
        0.3488372093023256,
        0.35714285714285715,
        0.36585365853658536,
        0.375,
        0.38461538461538464,
        0.39473684210526316,
        0.40540540540540543,
        0.4166666666666667,
        0.4,
        0.4117647058823529,
        0.42424242424242425,
        0.4375,
        0.41935483870967744,
        0.43333333333333335,
        0.4482758620689655,
        0.4642857142857143,
        0.4444444444444444,
        0.4230769230769231,
        0.44,
        0.4583333333333333,
        0.43478260869565216,
        0.45454545454545453,
        0.42857142857142855,
        0.4,
        0.3684210526315789,
        0.3888888888888889,
        0.4117647058823529,
        0.375,
        0.3333333333333333,
        0.2857142857142857,
        0.3076923076923077,
        0.3333333333333333,
        0.36363636363636365,
        0.3,
        0.3333333333333333,
        0.375,
        0.42857142857142855,
        0.5,
        0.4,
        0.5,
        0.6666666666666666,
        0.5,
        0.0,
        1.0
    ],
    "test_recall": [
        1.0,
        0.9444444444444444,
        0.9444444444444444,
        0.9444444444444444,
        0.9444444444444444,
        0.9444444444444444,
        0.8888888888888888,
        0.8888888888888888,
        0.8888888888888888,
        0.8888888888888888,
        0.8888888888888888,
        0.8888888888888888,
        0.8888888888888888,
        0.8888888888888888,
        0.8888888888888888,
        0.8888888888888888,
        0.8888888888888888,
        0.8888888888888888,
        0.8888888888888888,
        0.8333333333333334,
        0.8333333333333334,
        0.8333333333333334,
        0.8333333333333334,
        0.8333333333333334,
        0.8333333333333334,
        0.8333333333333334,
        0.8333333333333334,
        0.8333333333333334,
        0.8333333333333334,
        0.7777777777777778,
        0.7777777777777778,
        0.7777777777777778,
        0.7777777777777778,
        0.7222222222222222,
        0.7222222222222222,
        0.7222222222222222,
        0.7222222222222222,
        0.6666666666666666,
        0.6111111111111112,
        0.6111111111111112,
        0.6111111111111112,
        0.5555555555555556,
        0.5555555555555556,
        0.5,
        0.4444444444444444,
        0.3888888888888889,
        0.3888888888888889,
        0.3888888888888889,
        0.3333333333333333,
        0.2777777777777778,
        0.2222222222222222,
        0.2222222222222222,
        0.2222222222222222,
        0.2222222222222222,
        0.16666666666666666,
        0.16666666666666666,
        0.16666666666666666,
        0.16666666666666666,
        0.16666666666666666,
        0.1111111111111111,
        0.1111111111111111,
        0.1111111111111111,
        0.05555555555555555,
        0.0,
        0.0
    ],
    "test_tpr": [
        0.0,
        0.0,
        0.1111111111111111,
        0.1111111111111111,
        0.16666666666666666,
        0.16666666666666666,
        0.2222222222222222,
        0.2222222222222222,
        0.3888888888888889,
        0.3888888888888889,
        0.5555555555555556,
        0.5555555555555556,
        0.6111111111111112,
        0.6111111111111112,
        0.7222222222222222,
        0.7222222222222222,
        0.7777777777777778,
        0.7777777777777778,
        0.8333333333333334,
        0.8333333333333334,
        0.8888888888888888,
        0.8888888888888888,
        0.9444444444444444,
        0.9444444444444444,
        1.0,
        1.0
    ],