{
    "epoch": 34,
    "test_auprc_thresholds": [
        0.033613141626119614,
        0.03569194674491882,
        0.04059314727783203,
        0.041107602417469025,
        0.044685132801532745,
        0.04771949723362923,
        0.05626818537712097,
        0.059315282851457596,
        0.06004722788929939,
        0.06673765182495117,
        0.06705304235219955,
        0.07025459408760071,
        0.07498573511838913,
        0.09791106730699539,
        0.1011485606431961,
        0.10323924571275711,
        0.21030399203300476,
        0.21414943039417267,
        0.22142840921878815,
        0.2410738319158554,
        0.24689868092536926,
        0.3213462233543396,
        0.4058670699596405,
        0.41539523005485535,
        0.46236783266067505,
        0.4693828523159027,
        0.5341942310333252,
        0.6518659591674805,
        0.6848951578140259,
        0.6909687519073486,
        0.7758988738059998,
        0.7826173901557922,
        0.7838155627250671,
        0.794383704662323,
        0.8297392129898071,
        0.8448754549026489,
        0.8503533005714417,
        0.8793764710426331,
        0.9279636740684509,
        0.9379956126213074,
        0.9389249682426453,
        0.9413782954216003,
        0.9466450214385986,
        0.9527856707572937,
        0.9589115381240845,
        0.9630202054977417,
        0.9694312810897827,
        0.9709625840187073,
        0.9737381339073181,
        0.9817454218864441,
        0.9862980842590332
    ],
    "test_auroc_thresholds": [
        1.9862980842590332,
        0.9862980842590332,
        0.9709625840187073,
        0.9589115381240845,
        0.9527856707572937,
        0.9279636740684509,
        0.8793764710426331,
        0.8503533005714417,
        0.8297392129898071,
        0.7758988738059998,
        0.6909687519073486,
        0.6848951578140259,
        0.4693828523159027,
        0.3213462233543396,
        0.22142840921878815,
        0.21030399203300476,
        0.10323924571275711,
        0.06673765182495117,
        0.06004722788929939,
        0.03569194674491882,
        0.033613141626119614,
        9.68439690041123e-06
    ],
    "test_fpr": [
        0.0,
        0.0,
        0.0,
        0.020833333333333332,
        0.020833333333333332,
        0.05555555555555555,
        0.05555555555555555,
        0.0625,
        0.0625,
        0.09027777777777778,
        0.09027777777777778,
        0.09722222222222222,
        0.09722222222222222,
        0.125,
        0.125,
        0.1388888888888889,
        0.1388888888888889,
        0.18055555555555555,
        0.18055555555555555,
        0.22916666666666666,
        0.22916666666666666,
        1.0
    ],
    "test_precision": [
        0.35294117647058826,
        0.34,
        0.3469387755102041,
        0.3541666666666667,
        0.3617021276595745,
        0.3695652173913043,
        0.37777777777777777,
        0.38636363636363635,
        0.3953488372093023,
        0.38095238095238093,
        0.3902439024390244,
        0.4,
        0.41025641025641024,
        0.42105263157894735,
        0.43243243243243246,
        0.4444444444444444,
        0.42857142857142855,
        0.4411764705882353,
        0.45454545454545453,
        0.4375,
        0.41935483870967744,
        0.4,
        0.41379310344827586,
        0.42857142857142855,
        0.4444444444444444,
        0.46153846153846156,
        0.44,
        0.4166666666666667,
        0.391304347826087,
        0.4090909090909091,
        0.38095238095238093,
        0.4,
        0.42105263157894735,
        0.4444444444444444,
        0.47058823529411764,
        0.4375,
        0.4,
        0.42857142857142855,
        0.38461538461538464,
        0.4166666666666667,
        0.45454545454545453,
        0.5,
        0.5555555555555556,
        0.625,
        0.5714285714285714,
        0.6666666666666666,
        0.8,
        1.0,
        1.0,
        1.0,
        1.0,
        1.0
    ],
    "test_recall": [
        1.0,
        0.9444444444444444,
        0.9444444444444444,
        0.9444444444444444,
        0.9444444444444444,
        0.9444444444444444,
        0.9444444444444444,
        0.9444444444444444,
        0.9444444444444444,
        0.8888888888888888,
        0.8888888888888888,
        0.8888888888888888,
        0.8888888888888888,
        0.8888888888888888,
        0.8888888888888888,
        0.8888888888888888,
        0.8333333333333334,
        0.8333333333333334,
        0.8333333333333334,
        0.7777777777777778,
        0.7222222222222222,
        0.6666666666666666,
        0.6666666666666666,
        0.6666666666666666,
        0.6666666666666666,
        0.6666666666666666,
        0.6111111111111112,
        0.5555555555555556,
        0.5,
        0.5,
        0.4444444444444444,
        0.4444444444444444,
        0.4444444444444444,
        0.4444444444444444,
        0.4444444444444444,
        0.3888888888888889,
        0.3333333333333333,
        0.3333333333333333,
        0.2777777777777778,
        0.2777777777777778,
        0.2777777777777778,
        0.2777777777777778,
        0.2777777777777778,
        0.2777777777777778,
        0.2222222222222222,
        0.2222222222222222,
        0.2222222222222222,
        0.2222222222222222,
        0.16666666666666666,
        0.1111111111111111,
        0.05555555555555555,
        0.0
    ],
    "test_tpr": [
        0.0,
        0.05555555555555555,
        0.2222222222222222,
        0.2222222222222222,
        0.2777777777777778,
        0.2777777777777778,
        0.3333333333333333,
        0.3333333333333333,
        0.4444444444444444,
        0.4444444444444444,
        0.5,
        0.5,
        0.6666666666666666,
        0.6666666666666666,
        0.8333333333333334,
        0.8333333333333334,
        0.8888888888888888,
        0.8888888888888888,
        0.9444444444444444,
        0.9444444444444444,
        1.0,
        1.0
    ],
    "train_auprc_thresholds": [
        0.9490000605583191,
        0.977403998374939,
        0.9781744480133057,
        0.9809550642967224,
        0.9860852956771851,
        0.9878556132316589,
        0.9879097938537598,
        0.9892036318778992,
        0.9906303286552429,
        0.990864098072052,
        0.9916856288909912,
        0.9917535781860352,
        0.9919453263282776,
        0.9923080205917358,
        0.9937642812728882,
        0.9947015047073364,
        0.9947527647018433,
        0.9949586987495422,
        0.9949807524681091,
        0.9952499866485596,
        0.9958555102348328,
        0.996311366558075,
        0.9965400695800781,
        0.9965466856956482,
        0.9969696402549744,
        0.9973698854446411,
        0.9977056384086609,
        0.9981269240379333,
        0.9981322884559631,
        0.998456597328186,
        0.9986121654510498,
        0.9986164569854736,
        0.9987595081329346,
        0.9987731575965881,
        0.9990149736404419,
        0.9990683197975159,
        0.9990770816802979,
        0.9992875456809998,
        0.999294638633728,
        0.9993129968643188,
        0.9994727969169617,
        0.9995866417884827,
        0.9996603727340698,
        0.9998718500137329,
        0.9999222755432129,
        0.9999430179595947,
        0.9999520778656006,
        0.9999860525131226
    ],
    "train_auroc_thresholds": [
        1.9999860525131226,
        0.9999860525131226,
        0.9490000605583191,
        3.6875630371469015e-07
    ],
    "train_fpr": [
        0.0,
        0.0,
        0.0,
        1.0
    ],