{
    "epoch": 49,
    "test_auprc_thresholds": [
        0.0003276021161582321,
        0.00033039774280041456,
        0.0003827909822575748,
        0.00043954173452220857,
        0.0004453039728105068,
        0.0005317623144946992,
        0.0005496091325767338,
        0.0005704978830181062,
        0.0005893748020753264,
        0.0006277481443248689,
        0.0006694833864457905,
        0.0007772389799356461,
        0.0008391552255488932,
        0.001108580152504146,
        0.001240667188540101,
        0.001338990987278521,
        0.0015081284800544381,
        0.0018228917615488172,
        0.0018322059186175466,
        0.0018583587370812893,
        0.0018724451074376702,
        0.002067292109131813,
        0.0022186781279742718,
        0.0030068636406213045,
        0.0030433107167482376,
        0.003562983125448227,
        0.004997853189706802,
        0.005014037247747183,
        0.005666029639542103,
        0.006711815483868122,
        0.00710674375295639,
        0.007498370949178934,
        0.008876845240592957,
        0.01058922614902258,
        0.010716816410422325,
        0.012909969314932823,
        0.01793409138917923,
        0.019275488331913948,
        0.025749146938323975,
        0.027337651699781418,
        0.028891587629914284,
        0.03905310481786728,
        0.049159202724695206,
        0.05898964777588844,
        0.07053708285093307,
        0.08298086374998093,
        0.08843107521533966,
        0.13302657008171082,
        0.20514406263828278,
        0.2718653380870819,
        0.4413718283176422,
        0.5462293028831482,
        0.5512134432792664,
        0.6136332750320435,
        0.6717316508293152,
        0.6922727227210999,
        0.7049306035041809,
        0.7401877045631409,
        0.767255961894989,
        0.7878162860870361,
        0.7883966565132141,
        0.8220703601837158,
        0.8347769975662231,
        0.8724191188812256,
        0.8831868767738342,
        0.8868576884269714,
        0.8936232924461365,
        0.8968366980552673,
        0.9025869369506836,
        0.9060099124908447,
        0.9344552159309387,
        0.9350767135620117,
        0.9490228891372681,
        0.9532122611999512,
        0.956247866153717,
        0.9593600630760193,
        0.9595195055007935,
        0.9628344178199768,
        0.9639270305633545,
        0.9665012955665588,
        0.9716504216194153,
        0.9765938520431519,
        0.9775326251983643
    ],
    "test_auroc_thresholds": [
        1.9775326251983643,
        0.9775326251983643,
        0.9716504216194153,
        0.9639270305633545,
        0.9593600630760193,
        0.9532122611999512,
        0.9490228891372681,
        0.9350767135620117,
        0.9060099124908447,
        0.8968366980552673,
        0.8936232924461365,
        0.8868576884269714,
        0.8831868767738342,
        0.8724191188812256,
        0.8220703601837158,
        0.7883966565132141,
        0.7878162860870361,
        0.767255961894989,
        0.7049306035041809,
        0.6717316508293152,
        0.5512134432792664,
        0.5462293028831482,
        0.07053708285093307,
        0.05898964777588844,
        0.003562983125448227,
        0.0030433107167482376,
        0.00033039774280041456,
        0.0003276021161582321,
        2.482262138892022e-11
    ],
    "test_fpr": [
        0.0,
        0.0,
        0.013888888888888888,
        0.013888888888888888,
        0.034722222222222224,
        0.034722222222222224,
        0.041666666666666664,
        0.041666666666666664,
        0.05555555555555555,
        0.05555555555555555,
        0.0625,
        0.0625,
        0.06944444444444445,
        0.06944444444444445,
        0.08333333333333333,
        0.08333333333333333,
        0.09027777777777778,
        0.09027777777777778,
        0.10416666666666667,
        0.10416666666666667,
        0.11805555555555555,
        0.11805555555555555,
        0.16666666666666666,
        0.16666666666666666,
        0.2916666666666667,
        0.2916666666666667,
        0.4513888888888889,
        0.4513888888888889,
        1.0
    ],
    "test_precision": [
        0.21686746987951808,
        0.2073170731707317,
        0.20987654320987653,
        0.2125,
        0.21518987341772153,
        0.21794871794871795,
        0.22077922077922077,
        0.2236842105263158,
        0.22666666666666666,
        0.22972972972972974,
        0.2328767123287671,
        0.2361111111111111,
        0.23943661971830985,
        0.24285714285714285,
        0.2463768115942029,
        0.25,
        0.2537313432835821,
        0.25757575757575757,
        0.26153846153846155,
        0.265625,
        0.2698412698412698,
        0.27419354838709675,
        0.2786885245901639,
        0.2833333333333333,
        0.288135593220339,
        0.27586206896551724,
        0.2807017543859649,
        0.2857142857142857,
        0.2909090909090909,
        0.2962962962962963,
        0.3018867924528302,
        0.3076923076923077,
        0.3137254901960784,
        0.32,
        0.32653061224489793,
        0.3333333333333333,
        0.3404255319148936,
        0.34782608695652173,
        0.35555555555555557,
        0.36363636363636365,
        0.37209302325581395,
        0.38095238095238093,
        0.3902439024390244,
        0.4,
        0.38461538461538464,
        0.39473684210526316,
        0.40540540540540543,
        0.4166666666666667,
        0.42857142857142855,
        0.4411764705882353,
        0.45454545454545453,
        0.46875,
        0.45161290322580644,
        0.4666666666666667,
        0.4827586206896552,
        0.4642857142857143,
        0.4444444444444444,
        0.46153846153846156,
        0.48,
        0.4583333333333333,
        0.4782608695652174,
        0.45454545454545453,
        0.47619047619047616,
        0.5,
        0.47368421052631576,
        0.5,
        0.47058823529411764,
        0.5,
        0.4666666666666667,
        0.42857142857142855,
        0.46153846153846156,
        0.5,
        0.45454545454545453,
        0.5,
        0.4444444444444444,
        0.375,
        0.42857142857142855,
        0.5,
        0.6,
        0.5,
        0.3333333333333333,
        0.5,
        1.0,
        1.0
    ],