{
    "epoch": 100,
    "test_auprc_thresholds": [
        0.17937837541103363,
        0.1795509159564972,
        0.18114295601844788,
        0.18463654816150665,
        0.18541878461837769,
        0.18557152152061462,
        0.18968769907951355,
        0.1923345923423767,
        0.20038999617099762,
        0.20219571888446808,
        0.20830906927585602,
        0.2083829790353775,
        0.22350336611270905,
        0.22978350520133972,
        0.22993800044059753,
        0.23009848594665527,
        0.23466996848583221,
        0.23809368908405304,
        0.2474607676267624,
        0.2721836566925049,
        0.2782926857471466,
        0.28432297706604004,
        0.28623804450035095,
        0.31317803263664246,
        0.3447425365447998,
        0.367277592420578,
        0.3856910467147827,
        0.39659154415130615,
        0.40049096941947937,
        0.4022504389286041,
        0.4133533239364624,
        0.41510629653930664,
        0.42145028710365295,
        0.4228317439556122,
        0.44483527541160583,
        0.4464637339115143,
        0.478087455034256,
        0.5035582184791565,
        0.5068002343177795,
        0.5194318294525146,
        0.5240978598594666,
        0.5302953720092773,
        0.5407183766365051,
        0.5456650853157043,
        0.5467151403427124,
        0.5565947890281677,
        0.5668953061103821,
        0.5765742659568787,
        0.5769222974777222,
        0.5776208639144897,
        0.5826498866081238,
        0.5837408304214478,
        0.5845946073532104,
        0.5903915762901306,
        0.5927225351333618,
        0.6084051728248596,
        0.6104760766029358,
        0.6184453964233398,
        0.6231260299682617,
        0.6274388432502747,
        0.6505293250083923,
        0.657852053642273,
        0.6777034401893616
    ],
    "test_auroc_thresholds": [
        1.6777033805847168,
        0.6777034401893616,
        0.657852053642273,
        0.6505293250083923,
        0.6231260299682617,
        0.6184453964233398,
        0.6104760766029358,
        0.5927225351333618,
        0.5903915762901306,
        0.5845946073532104,
        0.5837408304214478,
        0.5826498866081238,
        0.5769222974777222,
        0.5765742659568787,
        0.5668953061103821,
        0.5565947890281677,
        0.5456650853157043,
        0.5302953720092773,
        0.5240978598594666,
        0.42145028710365295,
        0.4133533239364624,
        0.4022504389286041,
        0.40049096941947937,
        0.39659154415130615,
        0.3856910467147827,
        0.367277592420578,
        0.3447425365447998,
        0.1795509159564972,
        0.17937837541103363,
        0.020777875557541847
    ],
    "test_fpr": [
        0.0,
        0.006944444444444444,
        0.006944444444444444,
        0.013888888888888888,
        0.013888888888888888,
        0.020833333333333332,
        0.020833333333333332,
        0.034722222222222224,
        0.034722222222222224,
        0.041666666666666664,
        0.041666666666666664,
        0.04861111111111111,
        0.04861111111111111,
        0.05555555555555555,
        0.05555555555555555,
        0.0625,
        0.0625,
        0.0763888888888889,
        0.0763888888888889,
        0.13194444444444445,
        0.13194444444444445,
        0.1388888888888889,
        0.1388888888888889,
        0.14583333333333334,
        0.14583333333333334,
        0.1527777777777778,
        0.1527777777777778,
        0.3125,
        0.3125,
        1.0
    ],
    "test_precision": [
        0.2857142857142857,
        0.27419354838709675,
        0.2786885245901639,
        0.2833333333333333,
        0.288135593220339,
        0.29310344827586204,
        0.2982456140350877,
        0.30357142857142855,
        0.3090909090909091,
        0.3148148148148148,
        0.32075471698113206,
        0.3269230769230769,
        0.3333333333333333,
        0.34,
        0.3469387755102041,
        0.3541666666666667,
        0.3617021276595745,
        0.3695652173913043,
        0.37777777777777777,
        0.38636363636363635,
        0.3953488372093023,
        0.40476190476190477,
        0.4146341463414634,
        0.425,
        0.4358974358974359,
        0.42105263157894735,
        0.43243243243243246,
        0.4166666666666667,
        0.42857142857142855,
        0.4117647058823529,
        0.42424242424242425,
        0.40625,
        0.3870967741935484,
        0.4,
        0.41379310344827586,
        0.42857142857142855,
        0.4444444444444444,
        0.46153846153846156,
        0.48,
        0.5,
        0.5217391304347826,
        0.5,
        0.5238095238095238,
        0.55,
        0.5263157894736842,
        0.5,
        0.5294117647058824,
        0.5,
        0.5333333333333333,
        0.5,
        0.46153846153846156,
        0.5,
        0.45454545454545453,
        0.5,
        0.4444444444444444,
        0.5,
        0.5714285714285714,
        0.5,
        0.6,
        0.5,
        0.3333333333333333,
        0.5,
        0.0,
        1.0
    ],
    "test_recall": [
        1.0,
        0.9444444444444444,
        0.9444444444444444,
        0.9444444444444444,
        0.9444444444444444,
        0.9444444444444444,
        0.9444444444444444,
        0.9444444444444444,
        0.9444444444444444,
        0.9444444444444444,
        0.9444444444444444,
        0.9444444444444444,
        0.9444444444444444,
        0.9444444444444444,
        0.9444444444444444,
        0.9444444444444444,
        0.9444444444444444,
        0.9444444444444444,
        0.9444444444444444,
        0.9444444444444444,
        0.9444444444444444,
        0.9444444444444444,
        0.9444444444444444,
        0.9444444444444444,
        0.9444444444444444,
        0.8888888888888888,
        0.8888888888888888,
        0.8333333333333334,
        0.8333333333333334,
        0.7777777777777778,
        0.7777777777777778,
        0.7222222222222222,
        0.6666666666666666,
        0.6666666666666666,
        0.6666666666666666,
        0.6666666666666666,
        0.6666666666666666,
        0.6666666666666666,
        0.6666666666666666,
        0.6666666666666666,
        0.6666666666666666,
        0.6111111111111112,
        0.6111111111111112,
        0.6111111111111112,
        0.5555555555555556,
        0.5,
        0.5,
        0.4444444444444444,
        0.4444444444444444,
        0.3888888888888889,
        0.3333333333333333,
        0.3333333333333333,
        0.2777777777777778,
        0.2777777777777778,
        0.2222222222222222,
        0.2222222222222222,
        0.2222222222222222,
        0.16666666666666666,
        0.16666666666666666,
        0.1111111111111111,
        0.05555555555555555,
        0.05555555555555555,
        0.0,
        0.0
    ],
    "test_tpr": [
        0.0,
        0.0,
        0.05555555555555555,
        0.05555555555555555,
        0.16666666666666666,
        0.16666666666666666,
        0.2222222222222222,
        0.2222222222222222,
        0.2777777777777778,
        0.2777777777777778,
        0.3333333333333333,
        0.3333333333333333,
        0.4444444444444444,
        0.4444444444444444,
        0.5,
        0.5,
        0.6111111111111112,
        0.6111111111111112,
        0.6666666666666666,
        0.6666666666666666,
        0.7777777777777778,
        0.7777777777777778,
        0.8333333333333334,
        0.8333333333333334,
        0.8888888888888888,
        0.8888888888888888,
        0.9444444444444444,
        0.9444444444444444,
        1.0,
        1.0
    ],