{
    "epoch": 100,
    "train_auprc_thresholds": [
        0.9997242093086243,
        0.9997560381889343,
        0.9997572302818298,
        0.9997624754905701,
        0.9997686743736267,
        0.9997814297676086,
        0.9997829794883728,
        0.9997923970222473,
        0.9997939467430115,
        0.9997988343238831,
        0.9998154044151306,
        0.9998160004615784,
        0.9998161196708679,
        0.9998188614845276,
        0.9998277425765991,
        0.9998288154602051,
        0.9998310804367065,
        0.9998441934585571,
        0.9998639822006226,
        0.9998655319213867,
        0.9998719692230225,
        0.9998767375946045,
        0.9998769760131836,
        0.999883770942688,
        0.9998979568481445,
        0.9999147653579712,
        0.9999325275421143,
        0.9999532699584961,
        0.9999661445617676,
        0.9999690055847168,
        0.9999740123748779,
        0.9999781847000122,
        0.9999799728393555,
        0.9999847412109375,
        0.9999920129776001,
        0.9999961853027344,
        0.999996542930603,
        0.9999966621398926,
        0.9999967813491821,
        0.9999969005584717,
        0.9999971389770508,
        0.9999979734420776,
        0.9999984502792358,
        0.9999990463256836,
        0.9999991655349731,
        0.9999998807907104,
        1.0
    ],
    "train_auroc_thresholds": [
        2.0,
        1.0,
        0.9999998807907104,
        0.9997242093086243,
        5.239678690927008e-10
    ],
    "train_fpr": [
        0.0,
        0.0,
        0.0,
        0.0,
        1.0
    ],
    "train_precision": [
        1.0,
        1.0,
        1.0,
        1.0,
        1.0,
        1.0,
        1.0,
        1.0,
        1.0,
        1.0,
        1.0,
        1.0,
        1.0,
        1.0,
        1.0,
        1.0,
        1.0,
        1.0,
        1.0,
        1.0,
        1.0,
        1.0,
        1.0,
        1.0,
        1.0,
        1.0,
        1.0,
        1.0,
        1.0,
        1.0,
        1.0,
        1.0,
        1.0,
        1.0,
        1.0,
        1.0,
        1.0,
        1.0,
        1.0,
        1.0,
        1.0,
        1.0,
        1.0,
        1.0,
        1.0,
        1.0,
        1.0,
        1.0
    ],
    "train_recall": [
        1.0,
        0.9791666666666666,
        0.9583333333333334,
        0.9375,
        0.9166666666666666,
        0.8958333333333334,
        0.875,
        0.8541666666666666,
        0.8333333333333334,
        0.8125,
        0.7916666666666666,
        0.7708333333333334,
        0.75,
        0.7291666666666666,
        0.7083333333333334,
        0.6875,
        0.6666666666666666,
        0.6458333333333334,
        0.625,
        0.6041666666666666,
        0.5833333333333334,
        0.5625,
        0.5416666666666666,
        0.5208333333333334,
        0.5,
        0.4791666666666667,
        0.4583333333333333,
        0.4375,
        0.4166666666666667,
        0.3958333333333333,
        0.375,
        0.3541666666666667,
        0.3333333333333333,
        0.3125,
        0.2916666666666667,
        0.2708333333333333,
        0.25,
        0.22916666666666666,
        0.20833333333333334,
        0.1875,
        0.16666666666666666,
        0.14583333333333334,
        0.125,
        0.10416666666666667,
        0.08333333333333333,
        0.0625,
        0.020833333333333332,
        0.0
    ],
    "train_tpr": [
        0.0,
        0.020833333333333332,
        0.0625,
        1.0,
        1.0
    ],
    "val_auprc_thresholds": [
        0.0002453163906466216,
        0.000320991879561916,
        0.0004463226068764925,
        0.0005112188518978655,
        0.000562689732760191,
        0.00063905562274158,
        0.0009030380169861019,
        0.0010345648042857647,
        0.001362144248560071,
        0.0016164884436875582,
        0.00219976669177413,
        0.00243886630050838,
        0.0027304759714752436,
        0.002991254208609462,
        0.0030765237752348185,
        0.0032589593902230263,
        0.003405794268473983,
        0.0034995118621736765,
        0.0037880733143538237,
        0.004084826447069645,
        0.004181451629847288,
        0.005655535496771336,
        0.006623457185924053,
        0.013587946072220802,
        0.015119079500436783,
        0.01540803536772728,
        0.023667624220252037,
        0.035154614597558975,
        0.037319403141736984,
        0.04002073407173157,
        0.05162401124835014,
        0.052658047527074814,
        0.05466865748167038,
        0.055300235748291016,
        0.07311535626649857,
        0.09004411101341248,
        0.1417810469865799,
        0.20537644624710083,
        0.37235474586486816,
        0.4346187710762024,
        0.46449679136276245,
        0.5590139627456665,
        0.6439776420593262,
        0.9690979719161987,
        0.9957356452941895,
        0.9999880790710449
    ],
    "val_auroc_thresholds": [
        1.999988079071045,
        0.9999880790710449,
        0.9957356452941895,
        0.9690979719161987,
        0.6439776420593262,
        0.20537644624710083,
        0.023667624220252037,
        0.015119079500436783,
        0.0034995118621736765,
        0.003405794268473983,
        0.0027304759714752436,
        0.00243886630050838,
        0.00219976669177413,
        0.0016164884436875582,
        0.0010345648042857647,
        0.0009030380169861019,
        0.000320991879561916,
        0.0002453163906466216,
        4.610448911535059e-09
    ],
    "val_fpr": [
        0.0,
        0.01694915254237288,
        0.03389830508474576,
        0.03389830508474576,
        0.05084745762711865,
        0.05084745762711865,
        0.23728813559322035,
        0.23728813559322035,
        0.3559322033898305,
        0.3559322033898305,
        0.423728813559322,
        0.423728813559322,
        0.4406779661016949,
        0.4406779661016949,
        0.4745762711864407,
        0.4745762711864407,
        0.559322033898305,
        0.559322033898305,
        1.0
    ],
    "val_precision": [
        0.2826086956521739,
        0.26666666666666666,
        0.2727272727272727,
        0.27906976744186046,
        0.2857142857142857,
        0.2926829268292683,
        0.3,
        0.28205128205128205,
        0.2894736842105263,
        0.2972972972972973,
        0.2777777777777778,
        0.2857142857142857,
        0.2647058823529412,
        0.2727272727272727,
        0.28125,
        0.2903225806451613,
        0.3,
        0.27586206896551724,
        0.2857142857142857,
        0.2962962962962963,
        0.3076923076923077,
        0.32,
        0.3333333333333333,
        0.34782608695652173,
        0.36363636363636365,
        0.3333333333333333,
        0.3,
        0.3157894736842105,
        0.3333333333333333,
        0.35294117647058826,
        0.375,
        0.4,
        0.42857142857142855,
        0.46153846153846156,
        0.5,
        0.5454545454545454,
        0.6,
        0.6666666666666666,
        0.625,
        0.5714285714285714,
        0.5,
        0.4,
        0.25,
        0.3333333333333333,
        0.0,
        0.0,
        1.0
    ],