{
    "epoch": 44,
    "test_auprc_thresholds": [
        0.006952688563615084,
        0.007092316634953022,
        0.0071121687069535255,
        0.007312847301363945,
        0.008401826024055481,
        0.010645250789821148,
        0.010661117732524872,
        0.011618337593972683,
        0.012879136018455029,
        0.018121086061000824,
        0.018719585612416267,
        0.019781744107604027,
        0.020994847640395164,
        0.03988946974277496,
        0.04424494504928589,
        0.054989080876111984,
        0.07084177434444427,
        0.10016877949237823,
        0.11043987423181534,
        0.1361028254032135,
        0.17567719519138336,
        0.18237479031085968,
        0.19455452263355255,
        0.22986188530921936,
        0.2364259511232376,
        0.24037089943885803,
        0.2514888644218445,
        0.38716867566108704,
        0.41236934065818787,
        0.43074560165405273,
        0.4415375590324402,
        0.4850044250488281,
        0.4894285798072815,
        0.5029563307762146,
        0.5446349382400513,
        0.5749710202217102,
        0.585828959941864,
        0.593657374382019,
        0.6454781293869019,
        0.7264489531517029,
        0.8724179863929749,
        0.905376136302948,
        0.9368499517440796,
        0.9609261751174927,
        0.9640790224075317,
        0.9643861651420593,
        0.9744028449058533,
        0.9781594276428223
    ],
    "test_auroc_thresholds": [
        1.9781594276428223,
        0.9781594276428223,
        0.9744028449058533,
        0.9643861651420593,
        0.9640790224075317,
        0.9609261751174927,
        0.9368499517440796,
        0.905376136302948,
        0.7264489531517029,
        0.593657374382019,
        0.5749710202217102,
        0.5029563307762146,
        0.4415375590324402,
        0.41236934065818787,
        0.17567719519138336,
        0.10016877949237823,
        0.07084177434444427,
        0.03988946974277496,
        0.011618337593972683,
        0.010661117732524872,
        0.007092316634953022,
        0.006952688563615084,
        1.5917055861791596e-05
    ],
    "test_fpr": [
        0.0,
        0.0,
        0.006944444444444444,
        0.006944444444444444,
        0.013888888888888888,
        0.013888888888888888,
        0.020833333333333332,
        0.020833333333333332,
        0.034722222222222224,
        0.034722222222222224,
        0.04861111111111111,
        0.04861111111111111,
        0.06944444444444445,
        0.06944444444444445,
        0.125,
        0.125,
        0.13194444444444445,
        0.13194444444444445,
        0.1736111111111111,
        0.1736111111111111,
        0.20833333333333334,
        0.20833333333333334,
        1.0
    ],
    "test_precision": [
        0.375,
        0.3617021276595745,
        0.3695652173913043,
        0.37777777777777777,
        0.38636363636363635,
        0.3953488372093023,
        0.40476190476190477,
        0.3902439024390244,
        0.4,
        0.41025641025641024,
        0.42105263157894735,
        0.43243243243243246,
        0.4444444444444444,
        0.45714285714285713,
        0.4411764705882353,
        0.42424242424242425,
        0.40625,
        0.41935483870967744,
        0.4,
        0.3793103448275862,
        0.35714285714285715,
        0.37037037037037035,
        0.38461538461538464,
        0.4,
        0.4166666666666667,
        0.43478260869565216,
        0.45454545454545453,
        0.47619047619047616,
        0.5,
        0.47368421052631576,
        0.4444444444444444,
        0.47058823529411764,
        0.5,
        0.5333333333333333,
        0.5,
        0.46153846153846156,
        0.5,
        0.5454545454545454,
        0.5,
        0.4444444444444444,
        0.5,
        0.5714285714285714,
        0.5,
        0.6,
        0.5,
        0.6666666666666666,
        0.5,
        1.0,
        1.0
    ],
    "test_recall": [
        1.0,
        0.9444444444444444,
        0.9444444444444444,
        0.9444444444444444,
        0.9444444444444444,
        0.9444444444444444,
        0.9444444444444444,
        0.8888888888888888,
        0.8888888888888888,
        0.8888888888888888,
        0.8888888888888888,
        0.8888888888888888,
        0.8888888888888888,
        0.8888888888888888,
        0.8333333333333334,
        0.7777777777777778,
        0.7222222222222222,
        0.7222222222222222,
        0.6666666666666666,
        0.6111111111111112,
        0.5555555555555556,
        0.5555555555555556,
        0.5555555555555556,
        0.5555555555555556,
        0.5555555555555556,
        0.5555555555555556,
        0.5555555555555556,
        0.5555555555555556,
        0.5555555555555556,
        0.5,
        0.4444444444444444,
        0.4444444444444444,
        0.4444444444444444,
        0.4444444444444444,
        0.3888888888888889,
        0.3333333333333333,
        0.3333333333333333,
        0.3333333333333333,
        0.2777777777777778,
        0.2222222222222222,
        0.2222222222222222,
        0.2222222222222222,
        0.16666666666666666,
        0.16666666666666666,
        0.1111111111111111,
        0.1111111111111111,
        0.05555555555555555,
        0.05555555555555555,
        0.0
    ],
    "test_tpr": [
        0.0,
        0.05555555555555555,
        0.05555555555555555,
        0.1111111111111111,
        0.1111111111111111,
        0.16666666666666666,
        0.16666666666666666,
        0.2222222222222222,
        0.2222222222222222,
        0.3333333333333333,
        0.3333333333333333,
        0.4444444444444444,
        0.4444444444444444,
        0.5555555555555556,
        0.5555555555555556,
        0.7222222222222222,
        0.7222222222222222,
        0.8888888888888888,
        0.8888888888888888,
        0.9444444444444444,
        0.9444444444444444,
        1.0,
        1.0
    ],
    "train_auprc_thresholds": [
        0.9908422231674194,
        0.992683470249176,
        0.9955174326896667,
        0.9970375299453735,
        0.9979984164237976,
        0.9986273050308228,
        0.9993759989738464,
        0.9994926452636719,
        0.9995527863502502,
        0.9995724558830261,
        0.9995900988578796,
        0.9996780157089233,
        0.999690055847168,
        0.9997180104255676,
        0.999727189540863,
        0.9997995495796204,
        0.9998067021369934,
        0.9998205304145813,
        0.9998235106468201,
        0.9998524188995361,
        0.9998608827590942,
        0.999862551689148,
        0.9998655319213867,
        0.9998942613601685,
        0.9998962879180908,
        0.9998968839645386,
        0.9998990297317505,
        0.9999178647994995,
        0.9999233484268188,
        0.9999316930770874,
        0.9999438524246216,
        0.9999445676803589,
        0.9999493360519409,
        0.9999597072601318,
        0.9999617338180542,
        0.9999644756317139,
        0.9999678134918213,
        0.9999679327011108,
        0.9999754428863525,
        0.9999788999557495,
        0.9999840259552002,
        0.9999850988388062,
        0.9999855756759644,
        0.9999970197677612,
        0.9999974966049194
    ],
    "train_auroc_thresholds": [
        1.9999974966049194,
        0.9999974966049194,
        0.9999788999557495,
        0.9999754428863525,
        0.9998962879180908,
        0.9998942613601685,
        0.9998205304145813,
        0.9998067021369934,
        0.9908422231674194,
        1.948980088428698e-09
    ],
    "train_fpr": [
        0.0,
        0.0,
        0.0,
        0.0,
        0.0,
        0.0,
        0.0,
        0.0,
        0.0,
        1.0
    ],